"","county","date","pretrial_release","sentenced_release"
"1","Alameda County",2002-07-01,24.74,54.46
"2","Alameda County",2002-10-01,24.56,59.12
"3","Alameda County",2003-01-01,24.69,58.83
"4","Alameda County",2003-04-01,25.33,56
"5","Alameda County",2003-07-01,22.95,61.02
"6","Alameda County",2003-10-01,22.95,61.02
"7","Alameda County",2004-01-01,21.05,60.4
"8","Alameda County",2004-04-01,22.08,61.5
"9","Alameda County",2004-07-01,22.01,61.2
"10","Alameda County",2004-10-01,21.17,62.3
"11","Alameda County",2005-01-01,21.17,62.3
"12","Alameda County",2005-04-01,22.68,63.05
"13","Alameda County",2005-07-01,24.05,63.01
"14","Alameda County",2005-10-01,23.78,63.02
"15","Alameda County",2006-01-01,22.03,61.02
"16","Alameda County",2006-04-01,20,60
"17","Alameda County",2006-07-01,20,63
"18","Alameda County",2006-10-01,21,62
"19","Alameda County",2007-01-01,20.15,59.6
"20","Alameda County",2007-04-01,22.03,61.04
"21","Alameda County",2007-07-01,19.06,57.23
"22","Alameda County",2007-10-01,20.06,58.7
"23","Alameda County",2008-01-01,27,61
"24","Alameda County",2008-04-01,21,58
"25","Alameda County",2008-07-01,64,24
"26","Alameda County",2008-10-01,20,69
"27","Alameda County",2009-01-01,23,71
"28","Alameda County",2009-04-01,23,61
"29","Alameda County",2009-07-01,20,72
"30","Alameda County",2009-10-01,23,51
"31","Alameda County",2010-01-01,21,47
"32","Alameda County",2010-04-01,22,49
"33","Alameda County",2010-07-01,26,52
"34","Alameda County",2010-10-01,25,57
"35","Alameda County",2011-01-01,26,51
"36","Alameda County",2011-04-01,26,58
"37","Alameda County",2011-07-01,26,56
"38","Alameda County",2011-10-01,27,58
"39","Alameda County",2012-01-01,27,52
"40","Alameda County",2017-04-01,18,54
"41","Alameda County",2017-07-01,20,56
"42","Alameda County",2017-10-01,18,55
"43","Alameda County",2018-01-01,27,60
"44","Alameda County",2018-04-01,36,67
"45","Alameda County",2018-07-01,17,61
"46","Alameda County",2018-10-01,20,58
"47","Alameda County",2019-01-01,23,60
"48","Alameda County",2019-04-01,21,62
"49","Alameda County",2019-07-01,19,62
"50","Alameda County",2019-10-01,21,67
"51","Alameda County",2020-01-01,20,55
"52","Amador County",2002-01-01,8.38,37.85
"53","Amador County",2002-04-01,4,30
"54","Amador County",2002-07-01,4,30
"55","Amador County",2002-10-01,3.5,45.5
"56","Amador County",2003-01-01,3,79
"57","Amador County",2003-04-01,5,86
"58","Amador County",2003-07-01,2,72
"59","Amador County",2003-10-01,4,76
"60","Amador County",2004-01-01,6,79
"61","Amador County",2004-04-01,4,74
"62","Amador County",2004-07-01,5,31
"63","Amador County",2004-10-01,6,79
"64","Amador County",2005-01-01,8,82
"65","Amador County",2005-04-01,12,86
"66","Amador County",2005-07-01,13,72
"67","Amador County",2005-10-01,14,87
"68","Amador County",2006-01-01,16,82
"69","Amador County",2006-04-01,17,83
"70","Amador County",2006-07-01,24,96
"71","Amador County",2006-10-01,26,92
"72","Amador County",2007-01-01,16,52
"73","Amador County",2007-04-01,4.28,10.61
"74","Amador County",2007-07-01,2.54,8.84
"75","Amador County",2007-10-01,3.92,5.96
"76","Amador County",2008-01-01,3.69,11.55
"77","Amador County",2008-04-01,5.5,12.91
"78","Amador County",2008-07-01,9,17.67
"79","Amador County",2008-10-01,4.43,17.04
"80","Amador County",2009-01-01,6.9,18
"81","Amador County",2009-04-01,1.77,56.5
"82","Amador County",2009-10-01,5.67,11.51
"83","Amador County",2010-01-01,36.93,46.18
"84","Amador County",2010-04-01,11.42,26.95
"85","Amador County",2010-07-01,6.04,23.81
"86","Amador County",2010-10-01,14.76,43.39
"87","Amador County",2011-01-01,4.56,12.58
"88","Amador County",2011-04-01,5.84,25.14
"89","Amador County",2011-07-01,38.87,50.8
"90","Amador County",2011-10-01,7.28,5.41
"91","Amador County",2012-01-01,9.02,69.36
"92","Amador County",2012-04-01,7.47,58.05
"93","Amador County",2012-07-01,7.21,49.26
"94","Amador County",2012-10-01,14.33,69.73
"95","Amador County",2013-01-01,6.39,51.58
"96","Amador County",2013-04-01,7.28,60.36
"97","Amador County",2013-07-01,6.32,55.84
"98","Amador County",2013-10-01,5.86,64.06
"99","Amador County",2014-01-01,6.45,55.67
"100","Amador County",2014-04-01,5.79,36.71
"101","Amador County",2014-07-01,8.01,52.26
"102","Amador County",2014-10-01,3.18,64.54
"103","Amador County",2015-01-01,6.27,57.75
"104","Amador County",2015-04-01,7.08,55.41
"105","Amador County",2015-07-01,4.39,46.76
"106","Amador County",2015-10-01,4.66,60.52
"107","Amador County",2016-01-01,6.27,57.54
"108","Amador County",2016-04-01,8.2,43.12
"109","Amador County",2016-07-01,6,49.85
"110","Amador County",2016-10-01,8.87,46.67
"111","Amador County",2017-01-01,6.4,61.4
"112","Amador County",2017-04-01,5.21,47
"113","Amador County",2017-07-01,3.9,61.5
"114","Amador County",2017-10-01,3.2,64
"115","Amador County",2018-01-01,2.9,49.3
"116","Amador County",2018-04-01,3.2,64
"117","Amador County",2018-07-01,2.7,60.6
"118","Amador County",2018-10-01,3.2,71.8
"119","Amador County",2019-01-01,2.99,51.88
"120","Amador County",2019-04-01,4.75,70.22
"121","Amador County",2019-07-01,3.58,53.84
"122","Amador County",2019-10-01,4.85,46.02
"123","Amador County",2020-01-01,2.93,64.95
"124","Butte County",2015-04-01,4,25
"125","Butte County",2015-07-01,5,29
"126","Butte County",2015-10-01,11,43
"127","Butte County",2016-01-01,10,42
"128","Butte County",2016-04-01,5,30
"129","Butte County",2016-07-01,5,34
"130","Butte County",2016-10-01,5,32
"131","Butte County",2017-01-01,9,54
"132","Butte County",2017-04-01,9,20
"133","Butte County",2017-07-01,4,28
"134","Butte County",2017-10-01,4,28
"135","Butte County",2018-01-01,4,27
"136","Butte County",2018-04-01,4,34
"137","Butte County",2018-07-01,5,29
"138","Butte County",2018-10-01,5,30
"139","Butte County",2019-01-01,4,29
"140","Butte County",2019-04-01,4,27
"141","Butte County",2019-07-01,5,28
"142","Butte County",2019-10-01,5,30
"143","Butte County",2020-01-01,5,30
"144","Colusa County",2002-01-01,4,34
"145","Colusa County",2002-04-01,5,38
"146","Colusa County",2002-07-01,4.5,34
"147","Colusa County",2002-10-01,4.5,34.5
"148","Colusa County",2003-01-01,4,30
"149","Colusa County",2003-04-01,6,27
"150","Colusa County",2003-07-01,5,26
"151","Colusa County",2003-10-01,6,25
"152","Colusa County",2004-01-01,3,34
"153","Colusa County",2004-04-01,4,37
"154","Colusa County",2004-07-01,3,27
"155","Colusa County",2004-10-01,6,39
"156","Colusa County",2005-01-01,4,43
"157","Colusa County",2005-04-01,3,43
"158","Colusa County",2005-07-01,3,35
"159","Colusa County",2005-10-01,5,25.5
"160","Colusa County",2006-01-01,6.81,16.17
"161","Colusa County",2006-04-01,6.54,19.29
"162","Colusa County",2006-07-01,5.58,16.69
"163","Colusa County",2006-10-01,7.3,17.1
"164","Colusa County",2007-01-01,6.14,23.18
"165","Colusa County",2007-04-01,6.2,22.46
"166","Colusa County",2007-07-01,6.82,20.89
"167","Colusa County",2007-10-01,7.78,18.02
"168","Colusa County",2008-01-01,6.65,17.82
"169","Colusa County",2008-04-01,5.25,19.66
"170","Colusa County",2008-07-01,6.13,17.61
"171","Colusa County",2008-10-01,6.44,19.81
"172","Colusa County",2009-01-01,6.5,17.47
"173","Colusa County",2009-04-01,5.28,18.76
"174","Colusa County",2009-07-01,6.03,20.13
"175","Colusa County",2009-10-01,6.6,23.7
"176","Colusa County",2010-01-01,5.9,16.64
"177","Colusa County",2010-04-01,5.89,16.99
"178","Colusa County",2010-07-01,6.49,18.23
"179","Colusa County",2010-10-01,5.94,22.27
"180","Colusa County",2011-01-01,5.85,20.46
"181","Colusa County",2011-04-01,4.92,18.23
"182","Colusa County",2011-07-01,6.44,21.24
"183","Colusa County",2011-10-01,6.65,25.78
"184","Colusa County",2012-01-01,6.597,26.123
"185","Colusa County",2012-04-01,5.56,22.67
"186","Colusa County",2012-07-01,7.618,25.974
"187","Colusa County",2012-10-01,6.12,25.186
"188","Colusa County",2013-01-01,8.214,20.844
"189","Colusa County",2013-04-01,6.959,26.798
"190","Colusa County",2013-07-01,7.877,22.38
"191","Colusa County",2013-10-01,6.703,22.671
"192","Colusa County",2014-01-01,8.665,22.671
"193","Colusa County",2014-04-01,8.901,26.337
"194","Colusa County",2014-07-01,6.805,22.224
"195","Colusa County",2014-10-01,8.813,25.231
"196","Colusa County",2015-01-01,7.407,29.088
"197","Colusa County",2015-04-01,6.43,25.397
"198","Colusa County",2015-10-01,7.69,36.66
"199","Colusa County",2016-01-01,9.83,55.09
"200","Colusa County",2016-04-01,6.81,53.94
"201","Colusa County",2016-07-01,15.27,66.06
"202","Colusa County",2016-10-01,9.84,62.07
"203","Colusa County",2017-01-01,9.55,57.51
"204","Colusa County",2017-04-01,9.81,54.33
"205","Colusa County",2017-07-01,12.65,65.65
"206","Colusa County",2017-10-01,8.06,51.49
"207","Colusa County",2018-01-01,11.25,45.32
"208","Colusa County",2018-04-01,5.46,71.71
"209","Colusa County",2018-07-01,12.29,56.14
"210","Colusa County",2018-10-01,8.28,61.8
"211","Colusa County",2019-01-01,10.21,45.7
"212","Colusa County",2019-04-01,8.03,45.98
"213","Colusa County",2019-07-01,4.51,47.86
"214","Colusa County",2019-10-01,13.54,54.41
"215","Colusa County",2020-01-01,6.25,49.91
"216","Del Norte County",2002-01-01,2.8,31.5
"217","Del Norte County",2002-04-01,4.7,29.6
"218","Del Norte County",2002-07-01,3.4,24.4
"219","Del Norte County",2002-10-01,7.3,24.1
"220","Del Norte County",2003-01-01,7.95,3.93
"221","Del Norte County",2003-04-01,9.3,4.3
"222","Del Norte County",2003-07-01,3,6
"223","Del Norte County",2003-10-01,5,9
"224","Del Norte County",2004-01-01,7,11
"225","Del Norte County",2004-04-01,8,9
"226","Del Norte County",2004-07-01,5.3,25.4
"227","Del Norte County",2004-10-01,6.1,27
"228","Del Norte County",2005-01-01,5.8,30
"229","Del Norte County",2005-04-01,6.5,32
"230","Del Norte County",2005-07-01,9,21
"231","Del Norte County",2005-10-01,6.5,33
"232","Del Norte County",2006-01-01,9.1,24.4
"233","Del Norte County",2006-04-01,9.2,24.4
"234","Del Norte County",2006-07-01,11.8,15.8
"235","Del Norte County",2006-10-01,14,17
"236","Del Norte County",2007-01-01,4.7,18.5
"237","Del Norte County",2007-04-01,18,21
"238","Del Norte County",2007-07-01,19,21
"239","Del Norte County",2007-10-01,18,22
"240","Del Norte County",2008-01-01,18,21
"241","Del Norte County",2008-04-01,12,29
"242","Del Norte County",2008-07-01,7,4
"243","Del Norte County",2008-10-01,16,21
"244","Del Norte County",2009-01-01,15,21
"245","Del Norte County",2009-04-01,4,25
"246","Del Norte County",2009-07-01,2,14
"247","Del Norte County",2009-10-01,2,18
"248","Del Norte County",2010-01-01,4,19
"249","Del Norte County",2010-04-01,8,15
"250","Del Norte County",2010-07-01,10,15
"251","Del Norte County",2010-10-01,13,17
"252","Del Norte County",2011-01-01,9,16
"253","Del Norte County",2011-04-01,8,16
"254","Del Norte County",2011-07-01,9,14
"255","Del Norte County",2011-10-01,11,17
"256","Del Norte County",2012-01-01,9,14
"257","Del Norte County",2012-04-01,6,14
"258","Del Norte County",2012-07-01,9,31
"259","Del Norte County",2012-10-01,12,16
"260","Del Norte County",2013-01-01,12,16
"261","Del Norte County",2013-04-01,18,22
"262","Del Norte County",2013-07-01,10,14
"263","Del Norte County",2014-04-01,3.1,37.8
"264","Del Norte County",2014-07-01,3.5,39.7
"265","Del Norte County",2014-10-01,4.1,41.4
"266","Del Norte County",2015-01-01,3.9,33.7
"267","Del Norte County",2015-04-01,3.51,28.25
"268","Del Norte County",2015-07-01,6.4,36.6
"269","Del Norte County",2015-10-01,5.5,45
"270","Del Norte County",2016-01-01,5.5,48.9
"271","Del Norte County",2016-04-01,6.23,40.14
"272","Del Norte County",2016-07-01,6.1,47.9
"273","Del Norte County",2016-10-01,7.02,40.06
"274","Del Norte County",2017-01-01,6.92,41.05
"275","Del Norte County",2017-04-01,8.23,35.32
"276","Del Norte County",2017-07-01,6.27,43.5
"277","Del Norte County",2017-10-01,4.47,41.8
"278","Del Norte County",2018-01-01,8,46.5
"279","Del Norte County",2018-04-01,7.01,43.8
"280","Del Norte County",2018-07-01,4.96,38.5
"281","Del Norte County",2018-10-01,2.9,32.6
"282","Del Norte County",2019-01-01,5.2,34.5
"283","Del Norte County",2019-04-01,3,34
"284","Del Norte County",2019-07-01,4.6,37.6
"285","Del Norte County",2019-10-01,6.9,36.8
"286","Del Norte County",2020-01-01,7.7,50.9
"287","El Dorado County",2002-01-01,4,43
"288","El Dorado County",2002-04-01,3,41
"289","El Dorado County",2002-07-01,2.2,41.5
"290","El Dorado County",2002-10-01,2,42
"291","El Dorado County",2003-01-01,2,50
"292","El Dorado County",2003-04-01,2,52
"293","El Dorado County",2003-07-01,2,55
"294","El Dorado County",2003-10-01,2,45
"295","El Dorado County",2004-01-01,3,48
"296","El Dorado County",2004-04-01,2,51
"297","El Dorado County",2004-07-01,4,47
"298","El Dorado County",2004-10-01,3.7,36.1
"299","El Dorado County",2005-01-01,3,50
"300","El Dorado County",2005-04-01,2,52
"301","El Dorado County",2005-07-01,3,54
"302","El Dorado County",2005-10-01,3.4,46.3
"303","El Dorado County",2006-01-01,3.2,60.1
"304","El Dorado County",2006-04-01,2.7,62.2
"305","El Dorado County",2006-07-01,6.9,63.9
"306","El Dorado County",2006-10-01,3.5,75
"307","El Dorado County",2007-01-01,2.54,53.22
"308","El Dorado County",2007-04-01,3.3,61.42
"309","El Dorado County",2007-07-01,2.35,49
"310","El Dorado County",2007-10-01,3.15,56.74
"311","El Dorado County",2008-01-01,1.96,56
"312","El Dorado County",2008-04-01,3.8,62.6
"313","El Dorado County",2008-07-01,3.2,46.1
"314","El Dorado County",2008-10-01,3.7,62.6
"315","El Dorado County",2009-01-01,2.72,45.81
"316","El Dorado County",2009-04-01,2.41,48.42
"317","El Dorado County",2009-07-01,2.38,49.25
"318","El Dorado County",2009-10-01,2.93,49.08
"319","El Dorado County",2010-01-01,2.2,54.1
"320","El Dorado County",2010-04-01,5.2,53.8
"321","El Dorado County",2010-07-01,4.1,45.9
"322","El Dorado County",2010-10-01,3.07,40.58
"323","El Dorado County",2011-01-01,5.2,45.7
"324","El Dorado County",2011-04-01,3.75,48.85
"325","El Dorado County",2011-07-01,2.88,36.04
"326","El Dorado County",2011-10-01,3.43,53.6
"327","El Dorado County",2012-01-01,2.46,53.29
"328","El Dorado County",2012-04-01,5.3,60.4
"329","El Dorado County",2012-07-01,8.8,57.3
"330","El Dorado County",2012-10-01,9.2,65.4
"331","El Dorado County",2013-01-01,9.2,72.8
"332","El Dorado County",2013-04-01,9.9,66.4
"333","El Dorado County",2013-07-01,8.4,68.1
"334","El Dorado County",2013-10-01,8.4,77.5
"335","El Dorado County",2014-01-01,8.8,64.8
"336","El Dorado County",2014-04-01,9.4,65.5
"337","El Dorado County",2014-07-01,9.2,70.6
"338","El Dorado County",2014-10-01,10.1,76.7
"339","El Dorado County",2015-01-01,12.8,77.7
"340","El Dorado County",2015-04-01,10.6,59.5
"341","El Dorado County",2015-07-01,10.3,72.6
"342","El Dorado County",2015-10-01,11.8,64.2
"343","El Dorado County",2016-01-01,9.3,65.1
"344","El Dorado County",2016-04-01,12.7,57
"345","El Dorado County",2016-07-01,11,56.3
"346","El Dorado County",2016-10-01,15.6,59.3
"347","El Dorado County",2017-01-01,11.1,54.4
"348","El Dorado County",2017-04-01,7.3,67.8
"349","El Dorado County",2017-07-01,13.7,71.9
"350","El Dorado County",2017-10-01,12.7,64
"351","El Dorado County",2018-01-01,13,73
"352","El Dorado County",2018-04-01,9.4,56.6
"353","El Dorado County",2018-07-01,8.4,57.9
"354","El Dorado County",2018-10-01,10.6,65.6
"355","El Dorado County",2019-01-01,14.5,67.7
"356","El Dorado County",2019-04-01,8.4,63.7
"357","El Dorado County",2019-07-01,12.1,63
"358","El Dorado County",2019-10-01,11.3,62.1
"359","El Dorado County",2020-01-01,14.5,67.3
"360","Fresno County",2002-01-01,21,67
"361","Fresno County",2002-04-01,20,71
"362","Fresno County",2002-07-01,15.86,75.94
"363","Fresno County",2002-10-01,17.24,73.32
"364","Fresno County",2003-01-01,24.3,70.27
"365","Fresno County",2003-04-01,26.54,69.72
"366","Fresno County",2003-07-01,23.59,75.44
"367","Fresno County",2003-10-01,26.05,75.01
"368","Fresno County",2004-01-01,26.53,81.68
"369","Fresno County",2004-04-01,21.88,77.75
"370","Fresno County",2004-07-01,22.87,88.73
"371","Fresno County",2004-10-01,22.09,93.16
"372","Fresno County",2005-01-01,22.39,87.63
"373","Fresno County",2005-04-01,22.77,95.85
"374","Fresno County",2005-07-01,20.17,81.24
"375","Fresno County",2005-10-01,20.2,81.27
"376","Fresno County",2006-01-01,23.34,75.21
"377","Fresno County",2006-04-01,21.41,76.42
"378","Fresno County",2006-07-01,23.11,73.09
"379","Fresno County",2006-10-01,23.8,82.65
"380","Fresno County",2007-01-01,25.08,83.27
"381","Fresno County",2007-07-01,29.9,17.3
"382","Fresno County",2007-10-01,29.9,17.3
"383","Fresno County",2008-01-01,25.08,83.27
"384","Fresno County",2008-04-01,25,28
"385","Fresno County",2008-07-01,23.1,25.7
"386","Fresno County",2008-10-01,19.5,26.1
"387","Fresno County",2009-01-01,22.3,16.1
"388","Fresno County",2009-04-01,19.9,17.1
"389","Fresno County",2009-07-01,16.9,13.6
"390","Fresno County",2009-10-01,23.4,7.2
"391","Fresno County",2010-01-01,25.9,15.3
"392","Fresno County",2010-04-01,16.1,15.3
"393","Fresno County",2010-07-01,10.4,16
"394","Fresno County",2010-10-01,10,13.8
"395","Fresno County",2011-01-01,11.4,19.7
"396","Fresno County",2011-04-01,14.9,7.7
"397","Fresno County",2011-07-01,10.5,14.3
"398","Fresno County",2011-10-01,13.9,14.3
"399","Fresno County",2012-01-01,18,18
"400","Fresno County",2012-04-01,11.7,14.2
"401","Fresno County",2012-07-01,14.2,11.6
"402","Fresno County",2012-10-01,12,29
"403","Fresno County",2013-01-01,21,30
"404","Fresno County",2013-04-01,14,18
"405","Fresno County",2013-07-01,13,14
"406","Fresno County",2013-10-01,8,11
"407","Fresno County",2014-01-01,16.4,22.8
"408","Fresno County",2014-04-01,14.6,19.7
"409","Fresno County",2014-07-01,19.6,20.1
"410","Fresno County",2014-10-01,19.5,18
"411","Fresno County",2015-01-01,28,32.8
"412","Fresno County",2015-04-01,23.2,25.7
"413","Fresno County",2015-07-01,10.25,50.5
"414","Fresno County",2015-10-01,26.9,42.3
"415","Fresno County",2016-01-01,26.3,39
"416","Fresno County",2016-04-01,27.7,46.8
"417","Fresno County",2016-07-01,20.1,32.8
"418","Fresno County",2016-10-01,28.8,28.1
"419","Fresno County",2017-01-01,26.7,27.2
"420","Fresno County",2017-04-01,26.6,33.8
"421","Fresno County",2017-07-01,46.7,35.9
"422","Fresno County",2017-10-01,28,37
"423","Fresno County",2018-01-01,23.2,30.5
"424","Fresno County",2018-04-01,24.5,39
"425","Fresno County",2018-07-01,25.3,30.9
"426","Fresno County",2018-10-01,19.9,28.5
"427","Fresno County",2019-01-01,27.7,29.4
"428","Fresno County",2019-04-01,22.7,31.3
"429","Fresno County",2019-07-01,18.7,24.5
"430","Fresno County",2019-10-01,22.8,25.1
"431","Fresno County",2020-01-01,21.6,20.1
"432","Glenn County",2002-01-01,13,36
"433","Glenn County",2002-04-01,11.73,46
"434","Glenn County",2002-07-01,6.99,17.61
"435","Glenn County",2002-10-01,7.56,24.6
"436","Glenn County",2003-01-01,9.23,21.84
"437","Glenn County",2003-04-01,11.7,19.9
"438","Glenn County",2003-07-01,9.85,22.03
"439","Glenn County",2003-10-01,9.83,25.65
"440","Glenn County",2004-01-01,6,20
"441","Glenn County",2004-04-01,8,21
"442","Glenn County",2004-07-01,9,28
"443","Glenn County",2004-10-01,8,23
"444","Glenn County",2005-01-01,9,20
"445","Glenn County",2005-04-01,10,24
"446","Glenn County",2005-07-01,8,25
"447","Glenn County",2005-10-01,9,25
"448","Glenn County",2006-01-01,9,25
"449","Glenn County",2006-04-01,9,25
"450","Glenn County",2006-07-01,8,24
"451","Glenn County",2006-10-01,24,13
"452","Glenn County",2007-01-01,9,20
"453","Glenn County",2007-04-01,7,25
"454","Glenn County",2007-07-01,9.5,22.66
"455","Glenn County",2007-10-01,9.5,21.5
"456","Glenn County",2008-01-01,7.4,24.77
"457","Glenn County",2008-04-01,4.25,14.62
"458","Glenn County",2008-07-01,5.7,32.7
"459","Glenn County",2008-10-01,6,11
"460","Glenn County",2011-10-01,37.2,61.8
"461","Glenn County",2012-01-01,34.1,98.3
"462","Glenn County",2012-04-01,18.1,72
"463","Glenn County",2012-07-01,18.5,64.9
"464","Glenn County",2012-10-01,19.4,69.5
"465","Glenn County",2013-01-01,27.4,50.1
"466","Glenn County",2013-04-01,12.7,55.3
"467","Glenn County",2013-07-01,24.7,67.3
"468","Glenn County",2013-10-01,18.6,68.5
"469","Glenn County",2014-01-01,13.5,70.9
"470","Glenn County",2014-04-01,15,45
"471","Glenn County",2014-07-01,17,41
"472","Glenn County",2014-10-01,15,48
"473","Glenn County",2015-01-01,19,43
"474","Glenn County",2015-04-01,23,26
"475","Glenn County",2016-01-01,13,46
"476","Glenn County",2016-04-01,15,42
"477","Glenn County",2016-07-01,16,44
"478","Glenn County",2016-10-01,19,36
"479","Glenn County",2017-01-01,31,36
"480","Glenn County",2017-04-01,45,41
"481","Glenn County",2017-07-01,50,47
"482","Glenn County",2017-10-01,42,48
"483","Glenn County",2018-01-01,46,42
"484","Glenn County",2018-04-01,49,46
"485","Glenn County",2018-07-01,37,42
"486","Glenn County",2019-01-01,51,35
"487","Glenn County",2019-04-01,34,40
"488","Glenn County",2019-07-01,37,31
"489","Glenn County",2019-10-01,40,41
"490","Glenn County",2020-01-01,42,26
"491","Humboldt County",2002-01-01,8,66
"492","Humboldt County",2002-04-01,13.69,59.58
"493","Humboldt County",2002-07-01,12.94,38.78
"494","Humboldt County",2002-10-01,12.22,53.14
"495","Humboldt County",2003-01-01,15.15,40.7
"496","Humboldt County",2003-04-01,13.74,36.47
"497","Humboldt County",2003-07-01,13.74,36.47
"498","Humboldt County",2003-10-01,13.86,40.25
"499","Humboldt County",2004-01-01,17.17,32.71
"500","Humboldt County",2004-04-01,14,35
"501","Humboldt County",2004-07-01,11.85,39.51
"502","Humboldt County",2004-10-01,11,35
"503","Humboldt County",2005-01-01,12,39.85
"504","Humboldt County",2005-04-01,13,44.7
"505","Humboldt County",2005-07-01,12.74,44.01
"506","Humboldt County",2005-10-01,12.92,41.54
"507","Humboldt County",2006-01-01,12,43
"508","Humboldt County",2006-04-01,12.46,44.79
"509","Humboldt County",2006-07-01,11.7,45.06
"510","Humboldt County",2006-10-01,14,51
"511","Humboldt County",2007-01-01,9,46
"512","Humboldt County",2007-04-01,9,43
"513","Humboldt County",2007-07-01,8,49
"514","Humboldt County",2007-10-01,7,42
"515","Humboldt County",2008-01-01,8,52
"516","Humboldt County",2008-04-01,8,43
"517","Humboldt County",2008-07-01,8,40
"518","Humboldt County",2008-10-01,7.81,40.77
"519","Humboldt County",2009-01-01,7,43
"520","Humboldt County",2009-04-01,7,41
"521","Humboldt County",2009-07-01,7,48
"522","Humboldt County",2009-10-01,7,70
"523","Humboldt County",2010-01-01,9,47
"524","Humboldt County",2010-04-01,8,45
"525","Humboldt County",2010-07-01,8,47
"526","Humboldt County",2010-10-01,9.8,41.1
"527","Humboldt County",2011-01-01,8,48.2
"528","Humboldt County",2011-04-01,8,49
"529","Humboldt County",2011-07-01,9,52
"530","Humboldt County",2011-10-01,8,54
"531","Humboldt County",2012-01-01,8,42
"532","Humboldt County",2012-04-01,7,44
"533","Humboldt County",2012-07-01,7.18,47.74
"534","Humboldt County",2012-10-01,5.89,47.45
"535","Humboldt County",2013-01-01,6.2,45.9
"536","Humboldt County",2013-04-01,5.48,46.03
"537","Humboldt County",2013-07-01,11,52
"538","Humboldt County",2013-10-01,6.9,52.7
"539","Humboldt County",2014-01-01,7,42.7
"540","Humboldt County",2014-04-01,5.8,48.9
"541","Humboldt County",2014-07-01,4.4,53.7
"542","Humboldt County",2014-10-01,6.9,50.1
"543","Humboldt County",2015-01-01,6.2,37.5
"544","Humboldt County",2015-04-01,7.1,37.1
"545","Humboldt County",2015-07-01,6,38.1
"546","Humboldt County",2015-10-01,6.3,42.5
"547","Humboldt County",2016-01-01,6.9,38
"548","Humboldt County",2016-04-01,7,39.9
"549","Humboldt County",2016-07-01,7.6,40.8
"550","Humboldt County",2016-10-01,7.2,43.2
"551","Humboldt County",2017-01-01,8.34,42.9
"552","Humboldt County",2017-04-01,8.19,43.97
"553","Humboldt County",2017-07-01,7.28,44.39
"554","Humboldt County",2017-10-01,8.93,45.84
"555","Humboldt County",2018-01-01,8.35,46.76
"556","Humboldt County",2018-04-01,10.29,45.59
"557","Humboldt County",2018-07-01,7,45
"558","Humboldt County",2018-10-01,9.38,42.67
"559","Humboldt County",2019-01-01,8.43,52.24
"560","Humboldt County",2019-04-01,7.76,40.27
"561","Humboldt County",2019-07-01,8.7,41.9
"562","Humboldt County",2019-10-01,8.7,41.9
"563","Humboldt County",2020-01-01,10.7,43.92
"564","Imperial County",2012-01-01,9,44
"565","Imperial County",2012-04-01,10,58
"566","Imperial County",2012-07-01,7,40
"567","Imperial County",2012-10-01,10,59
"568","Imperial County",2013-01-01,6,26
"569","Imperial County",2013-04-01,10,42
"570","Imperial County",2013-07-01,10,47
"571","Imperial County",2013-10-01,7,32
"572","Imperial County",2014-01-01,10,31
"573","Imperial County",2014-04-01,10,30
"574","Imperial County",2014-07-01,12,35
"575","Imperial County",2014-10-01,13,43
"576","Imperial County",2015-01-01,12,34
"577","Imperial County",2015-04-01,10,22
"578","Imperial County",2015-07-01,10,19
"579","Imperial County",2015-10-01,7,36
"580","Imperial County",2016-01-01,8,11
"581","Imperial County",2016-04-01,9,12
"582","Imperial County",2016-07-01,9,10
"583","Imperial County",2016-10-01,8,9
"584","Imperial County",2017-04-01,9,9
"585","Imperial County",2017-07-01,9,9
"586","Imperial County",2017-10-01,10,12
"587","Imperial County",2018-01-01,10,10
"588","Imperial County",2018-04-01,7,6
"589","Inyo County",2005-04-01,15.2,69.3
"590","Inyo County",2005-07-01,21,45
"591","Inyo County",2005-10-01,31,45
"592","Inyo County",2006-01-01,20,59
"593","Inyo County",2006-04-01,18,50
"594","Inyo County",2006-07-01,13,46
"595","Inyo County",2006-10-01,14,52
"596","Inyo County",2007-01-01,7,61
"597","Inyo County",2007-04-01,4,41
"598","Inyo County",2007-07-01,8,55
"599","Inyo County",2007-10-01,13,49
"600","Inyo County",2008-01-01,11.7,57.5
"601","Inyo County",2008-04-01,6.44,80.14
"602","Inyo County",2008-07-01,14.12,74.46
"603","Inyo County",2008-10-01,13,57
"604","Inyo County",2009-01-01,20,41
"605","Inyo County",2009-04-01,7,53
"606","Inyo County",2009-07-01,3,47
"607","Inyo County",2009-10-01,23,54
"608","Inyo County",2010-07-01,2.8,33.7
"609","Inyo County",2010-10-01,4.2,46.7
"610","Inyo County",2011-01-01,3.3,42.1
"611","Inyo County",2011-04-01,9,42
"612","Inyo County",2011-07-01,3,40
"613","Inyo County",2011-10-01,5,53
"614","Inyo County",2012-01-01,4,42
"615","Inyo County",2012-04-01,7.3,46
"616","Inyo County",2012-07-01,4,42
"617","Inyo County",2012-10-01,10,41
"618","Inyo County",2013-01-01,6,61
"619","Inyo County",2013-04-01,5,46
"620","Inyo County",2013-07-01,4,34
"621","Inyo County",2013-10-01,5,63
"622","Inyo County",2014-01-01,11,62
"623","Inyo County",2014-04-01,5,57
"624","Inyo County",2014-07-01,4,61
"625","Inyo County",2014-10-01,3,53
"626","Inyo County",2015-01-01,3,61
"627","Inyo County",2015-04-01,4,92
"628","Inyo County",2015-07-01,7,79
"629","Inyo County",2015-10-01,4,54
"630","Inyo County",2016-01-01,10,68
"631","Inyo County",2016-04-01,3,57
"632","Inyo County",2016-07-01,4,63
"633","Inyo County",2016-10-01,4,41
"634","Inyo County",2017-01-01,4,43
"635","Inyo County",2018-07-01,156,69
"636","Inyo County",2018-10-01,126,35
"637","Inyo County",2019-01-01,122,83
"638","Inyo County",2019-10-01,87,40
"639","Kern County",2014-01-01,14,50
"640","Kern County",2014-04-01,16,52
"641","Kern County",2014-07-01,16,53
"642","Kern County",2014-10-01,18,59
"643","Kern County",2015-01-01,17,63
"644","Kern County",2015-04-01,19,66
"645","Kern County",2015-07-01,15,53
"646","Kern County",2015-10-01,15,55
"647","Kern County",2016-01-01,17,69
"648","Kern County",2016-04-01,14.3,66
"649","Kern County",2016-07-01,15.3,60.6
"650","Kern County",2016-10-01,18,55
"651","Kern County",2017-01-01,16,60
"652","Kern County",2017-04-01,17,60
"653","Kern County",2017-07-01,16.5,54.6
"654","Kern County",2017-10-01,17.5,59.1
"655","Kern County",2018-01-01,19.5,61.02
"656","Kern County",2018-04-01,16,58
"657","Kern County",2018-07-01,12.01,36.93
"658","Kern County",2018-10-01,15,39
"659","Kern County",2019-01-01,13.27,38.17
"660","Kern County",2019-04-01,16.18,36.35
"661","Kern County",2019-07-01,16.06,38.34
"662","Kern County",2019-10-01,14.08,39.56
"663","Kern County",2020-01-01,17.44,35.26
"664","Kings County",2018-10-01,9,75
"665","Kings County",2019-01-01,8,79
"666","Kings County",2019-04-01,10,74
"667","Kings County",2019-07-01,6,83
"668","Kings County",2019-10-01,8,85
"669","Kings County",2020-01-01,10,85
"670","Lassen County",2018-01-01,3.3,76.07
"671","Lassen County",2018-04-01,6.7,67.78
"672","Lassen County",2018-07-01,4.92,55.67
"673","Lassen County",2018-10-01,7.77,62.32
"674","Lassen County",2019-01-01,4.5,86.13
"675","Lassen County",2019-04-01,6,68
"676","Lassen County",2019-07-01,6,85
"677","Lassen County",2019-10-01,7,89
"678","Lassen County",2020-01-01,8.5,96.6
"679","Los Angeles County",2002-01-01,41.7,56.7
"680","Los Angeles County",2002-04-01,44.7,57.3
"681","Los Angeles County",2002-07-01,59.1,56.6
"682","Los Angeles County",2002-10-01,49.74,41.9
"683","Los Angeles County",2003-01-01,10.01,57.15
"684","Los Angeles County",2003-04-01,7.62,40.14
"685","Los Angeles County",2003-07-01,7.12,45.36
"686","Los Angeles County",2003-10-01,9.3,38.64
"687","Los Angeles County",2004-01-01,8.02,37.01
"688","Los Angeles County",2004-04-01,9.37,36.88
"689","Los Angeles County",2004-07-01,14.37,36.15
"690","Los Angeles County",2004-10-01,9.92,38.39
"691","Los Angeles County",2005-01-01,39.37,42.85
"692","Los Angeles County",2005-04-01,30.84,41.82
"693","Los Angeles County",2005-07-01,38.78,44.72
"694","Los Angeles County",2005-10-01,52.36,45.42
"695","Los Angeles County",2006-01-01,43.82,46.04
"696","Los Angeles County",2006-04-01,27.66,53.97
"697","Los Angeles County",2006-07-01,39.6,44.71
"698","Los Angeles County",2006-10-01,47.3,47.53
"699","Los Angeles County",2007-01-01,39.78,57.25
"700","Los Angeles County",2007-04-01,26.43,51.55
"701","Los Angeles County",2007-07-01,23.91,48.9
"702","Los Angeles County",2007-10-01,23.49,58.01
"703","Los Angeles County",2008-01-01,27.79,56
"704","Los Angeles County",2008-04-01,25.04,56.31
"705","Los Angeles County",2008-07-01,23.8,54
"706","Los Angeles County",2008-10-01,28.8,56.6
"707","Los Angeles County",2009-01-01,22.7,54.9
"708","Los Angeles County",2009-04-01,30.3,54.3
"709","Los Angeles County",2009-07-01,31.2,58.1
"710","Los Angeles County",2009-10-01,36.7,59.5
"711","Los Angeles County",2010-01-01,36.9,53.9
"712","Los Angeles County",2010-04-01,20.5,53.8
"713","Los Angeles County",2010-07-01,38.5,50.7
"714","Los Angeles County",2010-10-01,33,48.9
"715","Los Angeles County",2011-01-01,46.4,45.8
"716","Los Angeles County",2011-04-01,20,45.5
"717","Los Angeles County",2011-07-01,23.9,42.7
"718","Los Angeles County",2011-10-01,37.4,45.2
"719","Los Angeles County",2012-01-01,36.9,45.7
"720","Los Angeles County",2012-04-01,28.2,48.9
"721","Los Angeles County",2012-07-01,17.59,48.5
"722","Los Angeles County",2012-10-01,11.671,54.899
"723","Los Angeles County",2013-01-01,11.671,54.899
"724","Los Angeles County",2013-04-01,11.28,56.02
"725","Los Angeles County",2013-07-01,8.78,54.4
"726","Los Angeles County",2013-10-01,9.16,61.06
"727","Los Angeles County",2014-01-01,7.24,59.88
"728","Los Angeles County",2014-04-01,9.68,62.55
"729","Los Angeles County",2014-07-01,5.67,62.81
"730","Los Angeles County",2014-10-01,8.6,68.08
"731","Los Angeles County",2015-01-01,6.3,70.4
"732","Los Angeles County",2015-04-01,8.7,66.9
"733","Los Angeles County",2015-07-01,6.72,64.25
"734","Los Angeles County",2015-10-01,22.11,64.11
"735","Los Angeles County",2016-01-01,5.04,62.34
"736","Los Angeles County",2016-04-01,5.39,62.33
"737","Los Angeles County",2016-07-01,5.31,58.52
"738","Los Angeles County",2016-10-01,6.69,64.14
"739","Los Angeles County",2017-01-01,4.95,63
"740","Los Angeles County",2017-04-01,5.28,63.45
"741","Los Angeles County",2017-07-01,5.18,60.58
"742","Los Angeles County",2017-10-01,5,61
"743","Los Angeles County",2018-01-01,5.36,63.04
"744","Los Angeles County",2018-04-01,5.2,62.46
"745","Los Angeles County",2018-07-01,6,61
"746","Los Angeles County",2018-10-01,5,61
"747","Los Angeles County",2019-01-01,6,62
"748","Los Angeles County",2019-04-01,5,62
"749","Los Angeles County",2019-07-01,6,64
"750","Los Angeles County",2019-10-01,5,64
"751","Los Angeles County",2020-01-01,9,83
"752","Madera County",2002-07-01,6,42
"753","Madera County",2002-10-01,8,46
"754","Madera County",2003-01-01,8.5,45.5
"755","Madera County",2003-04-01,9,45
"756","Madera County",2003-07-01,11,46
"757","Madera County",2003-10-01,8,46
"758","Madera County",2004-01-01,8,41
"759","Madera County",2004-04-01,9,39
"760","Madera County",2004-07-01,7,41
"761","Madera County",2004-10-01,11,47
"762","Madera County",2005-01-01,10.5,48
"763","Madera County",2005-04-01,10,49
"764","Madera County",2005-07-01,7,55
"765","Madera County",2005-10-01,6,54
"766","Madera County",2006-01-01,6,50
"767","Madera County",2006-04-01,5,54
"768","Madera County",2006-07-01,6,45
"769","Madera County",2006-10-01,6,56
"770","Madera County",2007-01-01,5,53
"771","Madera County",2007-04-01,7,50
"772","Madera County",2007-07-01,7,56
"773","Madera County",2007-10-01,7,56
"774","Madera County",2008-04-01,8,46
"775","Madera County",2008-10-01,8,59
"776","Madera County",2009-01-01,7,52
"777","Madera County",2009-04-01,7,65
"778","Madera County",2009-07-01,6,57
"779","Madera County",2009-10-01,6,57
"780","Madera County",2010-01-01,4,53
"781","Madera County",2010-04-01,6,43
"782","Madera County",2010-07-01,4,56
"783","Madera County",2010-10-01,7,50
"784","Madera County",2011-01-01,4,57
"785","Madera County",2011-04-01,4,59
"786","Madera County",2011-07-01,4,55
"787","Madera County",2011-10-01,6,68
"788","Madera County",2012-01-01,4,73
"789","Madera County",2012-04-01,3,29
"790","Madera County",2012-07-01,3,30
"791","Madera County",2012-10-01,4,63
"792","Madera County",2013-01-01,4,65
"793","Madera County",2013-04-01,4,96
"794","Madera County",2013-07-01,5,96
"795","Madera County",2013-10-01,4,79
"796","Madera County",2014-01-01,9,139
"797","Madera County",2014-04-01,4,42
"798","Madera County",2014-07-01,7,88
"799","Madera County",2014-10-01,5,83
"800","Madera County",2015-01-01,7,96
"801","Madera County",2015-04-01,8,104
"802","Madera County",2015-07-01,7,71
"803","Madera County",2015-10-01,6,87
"804","Madera County",2016-01-01,7,96
"805","Madera County",2016-04-01,7,82
"806","Madera County",2016-07-01,7,58
"807","Madera County",2016-10-01,14,49
"808","Madera County",2017-01-01,7,44
"809","Madera County",2017-04-01,10,47
"810","Madera County",2017-07-01,7,44
"811","Madera County",2017-10-01,10,52
"812","Madera County",2018-01-01,4,55
"813","Madera County",2018-04-01,17,50
"814","Madera County",2018-07-01,6,46
"815","Madera County",2018-10-01,5,69
"816","Madera County",2019-01-01,4,76
"817","Madera County",2019-04-01,4,96
"818","Madera County",2019-07-01,5,87
"819","Madera County",2019-10-01,6,93
"820","Madera County",2020-01-01,6,107
"821","Marin County",2002-01-01,9.2,46
"822","Marin County",2002-04-01,7.3,46.2
"823","Marin County",2002-07-01,6.8,44.5
"824","Marin County",2002-10-01,7.8,53.1
"825","Marin County",2003-01-01,8.4,37.6
"826","Marin County",2003-04-01,10.5,40.9
"827","Marin County",2003-07-01,8.2,42.3
"828","Marin County",2003-10-01,7.9,44.7
"829","Marin County",2004-01-01,7.3,42.1
"830","Marin County",2004-04-01,8.2,42.5
"831","Marin County",2004-07-01,7.4,46.7
"832","Marin County",2004-10-01,7.1,43.2
"833","Marin County",2005-01-01,8,38
"834","Marin County",2005-04-01,8,42.9
"835","Marin County",2005-07-01,8,44.3
"836","Marin County",2005-10-01,11.75,45.6
"837","Marin County",2006-01-01,15.5,46.9
"838","Marin County",2006-04-01,13.2,47.4
"839","Marin County",2006-07-01,12.6,50.2
"840","Marin County",2006-10-01,12.6,45.5
"841","Marin County",2007-01-01,14,53.3
"842","Marin County",2007-04-01,14.5,55.5
"843","Marin County",2007-07-01,14.1,46.6
"844","Marin County",2007-10-01,12,44.3
"845","Marin County",2008-01-01,13.8,36.8
"846","Marin County",2008-04-01,13.5,40.3
"847","Marin County",2008-07-01,17.5,44.7
"848","Marin County",2008-10-01,14.4,39.5
"849","Marin County",2009-01-01,10.2,35.6
"850","Marin County",2009-04-01,12.7,31.7
"851","Marin County",2009-07-01,11.2,37.8
"852","Marin County",2009-10-01,14.6,38.3
"853","Marin County",2010-01-01,13.6,35.6
"854","Marin County",2010-04-01,10.6,26.6
"855","Marin County",2010-07-01,21.7,31.7
"856","Marin County",2010-10-01,15.4,30.8
"857","Marin County",2011-01-01,12.6,16.9
"858","Marin County",2011-04-01,13,35
"859","Marin County",2011-07-01,13,36
"860","Marin County",2011-10-01,12.2,40.8
"861","Marin County",2012-01-01,12.8,36
"862","Marin County",2012-04-01,10.9,29.1
"863","Marin County",2012-07-01,12,34
"864","Marin County",2012-10-01,15,37
"865","Marin County",2013-01-01,11.3,38.3
"866","Marin County",2013-07-01,16.9,38.3
"867","Marin County",2013-10-01,10,40
"868","Marin County",2014-01-01,13,37
"869","Marin County",2014-04-01,11,40
"870","Marin County",2014-07-01,14,39
"871","Marin County",2014-10-01,11,41
"872","Marin County",2015-01-01,12.9,33.3
"873","Marin County",2015-04-01,11,30
"874","Marin County",2015-07-01,12,35
"875","Marin County",2015-10-01,12,39
"876","Marin County",2016-01-01,15,42
"877","Marin County",2016-04-01,14,42
"878","Marin County",2016-07-01,13,44
"879","Marin County",2016-10-01,17,48
"880","Marin County",2017-01-01,16,50
"881","Marin County",2017-04-01,18,53
"882","Marin County",2017-07-01,14,47
"883","Marin County",2017-10-01,12,47
"884","Marin County",2018-01-01,15,51
"885","Marin County",2018-04-01,14,47
"886","Marin County",2018-07-01,12,43
"887","Marin County",2018-10-01,12,45
"888","Marin County",2019-01-01,12,48
"889","Marin County",2019-04-01,14,43
"890","Marin County",2019-07-01,12,44
"891","Marin County",2019-10-01,11,14
"892","Marin County",2020-01-01,32,43
"893","Mariposa County",2002-01-01,8.8,17.7
"894","Mariposa County",2002-04-01,13,16.7
"895","Mariposa County",2002-07-01,12,18
"896","Mariposa County",2002-10-01,11,17
"897","Mariposa County",2003-01-01,16,13
"898","Mariposa County",2003-04-01,11,16
"899","Mariposa County",2003-07-01,8,16
"900","Mariposa County",2003-10-01,11,16
"901","Mariposa County",2004-01-01,13,17
"902","Mariposa County",2004-04-01,12,16
"903","Mariposa County",2004-07-01,13,15
"904","Mariposa County",2004-10-01,15,13
"905","Mariposa County",2005-01-01,14,13
"906","Mariposa County",2005-04-01,13,15
"907","Mariposa County",2005-07-01,14,14
"908","Mariposa County",2005-10-01,14,18
"909","Mariposa County",2006-01-01,16,16
"910","Mariposa County",2006-04-01,12,16
"911","Mariposa County",2006-07-01,12,16
"912","Mariposa County",2006-10-01,14,14
"913","Mariposa County",2007-01-01,14,12
"914","Mariposa County",2007-04-01,15,13
"915","Mariposa County",2007-07-01,17,15
"916","Mariposa County",2007-10-01,17,19
"917","Mariposa County",2008-01-01,15,15
"918","Mariposa County",2008-04-01,17,16
"919","Mariposa County",2008-07-01,13,14
"920","Mariposa County",2008-10-01,13,15
"921","Mariposa County",2009-01-01,15,15
"922","Mariposa County",2009-04-01,18,16
"923","Mariposa County",2009-07-01,7.1,26.1
"924","Mariposa County",2009-10-01,8.6,45.7
"925","Mariposa County",2010-01-01,9,45
"926","Mariposa County",2010-04-01,7,49
"927","Mariposa County",2010-07-01,10,47
"928","Mariposa County",2010-10-01,9,36
"929","Mariposa County",2011-01-01,8,41
"930","Mariposa County",2011-04-01,7.7,38.2
"931","Mariposa County",2011-07-01,9,30.2
"932","Mariposa County",2011-10-01,4.8,50
"933","Mariposa County",2012-01-01,7.8,35.1
"934","Mariposa County",2012-04-01,4.8,40
"935","Mariposa County",2012-07-01,5.8,39.3
"936","Mariposa County",2012-10-01,7.4,39.8
"937","Mariposa County",2013-01-01,7,50
"938","Mariposa County",2013-04-01,7.2,46.9
"939","Mariposa County",2013-07-01,5.9,46.8
"940","Mariposa County",2013-10-01,14.1,47.5
"941","Mariposa County",2014-01-01,14,52.3
"942","Mariposa County",2014-04-01,9.1,55.3
"943","Mariposa County",2014-07-01,9.8,43.8
"944","Mariposa County",2014-10-01,9,58.9
"945","Mariposa County",2015-01-01,12.1,36
"946","Mariposa County",2015-04-01,10.1,28.5
"947","Mariposa County",2015-07-01,5.8,32.7
"948","Mariposa County",2015-10-01,11.3,24.5
"949","Mariposa County",2016-01-01,8.1,34.5
"950","Mariposa County",2016-04-01,16.5,23.9
"951","Mariposa County",2016-07-01,17.3,45.1
"952","Mariposa County",2016-10-01,9.9,48.4
"953","Mariposa County",2017-01-01,9.7,35.6
"954","Mariposa County",2018-04-01,16.8,34.3
"955","Mariposa County",2018-07-01,8.8,32
"956","Mariposa County",2019-01-01,9.6,51.1
"957","Mariposa County",2019-04-01,8.5,33.1
"958","Mariposa County",2019-07-01,11.8,29.7
"959","Mariposa County",2020-01-01,7.1,50.7
"960","Mendocino County",2002-01-01,13,32
"961","Mendocino County",2002-04-01,13,37
"962","Mendocino County",2002-07-01,12,32
"963","Mendocino County",2002-10-01,12,49
"964","Mendocino County",2003-01-01,13,25
"965","Mendocino County",2003-04-01,11,33
"966","Mendocino County",2003-07-01,10,28
"967","Mendocino County",2003-10-01,8,53
"968","Mendocino County",2004-01-01,13,26
"969","Mendocino County",2004-04-01,13,24
"970","Mendocino County",2004-07-01,13,28
"971","Mendocino County",2004-10-01,11,47
"972","Mendocino County",2005-01-01,13,29
"973","Mendocino County",2005-04-01,8,31
"974","Mendocino County",2005-07-01,12,34
"975","Mendocino County",2005-10-01,10,51
"976","Mendocino County",2006-01-01,17.3,14
"977","Mendocino County",2019-07-01,2.4,54.42
"978","Mendocino County",2019-10-01,3,65
"979","Mendocino County",2020-01-01,3,57
"980","Merced County",2012-10-01,32,30
"981","Merced County",2013-01-01,41,34
"982","Merced County",2013-04-01,22,38
"983","Merced County",2013-07-01,18,37
"984","Merced County",2013-10-01,42,35
"985","Merced County",2014-01-01,45,37
"986","Merced County",2014-04-01,21,50
"987","Merced County",2014-07-01,19,43.9
"988","Merced County",2014-10-01,22.4,54.4
"989","Merced County",2015-01-01,18.6,48.9
"990","Merced County",2015-04-01,12.9,51.1
"991","Merced County",2015-07-01,14.8,38
"992","Merced County",2015-10-01,27.3,45.1
"993","Merced County",2016-01-01,39.8,44.9
"994","Merced County",2016-04-01,19.8,47.9
"995","Merced County",2016-07-01,16.9,42.4
"996","Merced County",2016-10-01,22.2,48.2
"997","Merced County",2017-01-01,28.6,38.4
"998","Merced County",2017-04-01,28.6,41.3
"999","Merced County",2017-07-01,31.8,41.9
"1000","Merced County",2017-10-01,23.6,38.8
"1001","Merced County",2018-01-01,36.9,40.3
"1002","Merced County",2018-04-01,25.6,41.1
"1003","Merced County",2019-01-01,24.7,44.9
"1004","Merced County",2019-04-01,23.9,39.5
"1005","Merced County",2019-07-01,21.1,36.9
"1006","Merced County",2019-10-01,25.1,44.3
"1007","Modoc County",2002-04-01,2.3,12.2
"1008","Modoc County",2003-07-01,5.3,12.8
"1009","Modoc County",2003-10-01,3.8,12.8
"1010","Modoc County",2004-01-01,3.8,12.8
"1011","Modoc County",2004-04-01,2.3,13.4
"1012","Modoc County",2004-07-01,3.5,26.1
"1013","Modoc County",2004-10-01,3.1,22.5
"1014","Modoc County",2005-01-01,5.5,24
"1015","Modoc County",2005-04-01,7.1,32
"1016","Modoc County",2005-07-01,6.5,35
"1017","Modoc County",2005-10-01,1.6,8.2
"1018","Modoc County",2006-01-01,2,16.9
"1019","Modoc County",2006-04-01,1.97,25.55
"1020","Modoc County",2006-07-01,2.5,29.3
"1021","Modoc County",2006-10-01,3.88,24.42
"1022","Modoc County",2007-01-01,2.5,29.3
"1023","Modoc County",2007-04-01,10,30.5
"1024","Modoc County",2018-07-01,126,37
"1025","Modoc County",2018-10-01,101,33
"1026","Modoc County",2019-01-01,133,23
"1027","Modoc County",2019-04-01,94,38
"1028","Modoc County",2019-07-01,76,29
"1029","Modoc County",2019-10-01,75,54
"1030","Modoc County",2020-01-01,69,28
"1031","Mono County",2018-07-01,118,40
"1032","Mono County",2019-01-01,102,9
"1033","Mono County",2019-04-01,92,31
"1034","Mono County",2019-07-01,115,31
"1035","Mono County",2019-10-01,93,38
"1036","Mono County",2020-01-01,81,44
"1037","Monterey County",2015-07-01,12.1,28.5
"1038","Monterey County",2015-10-01,15.3,30.1
"1039","Monterey County",2016-01-01,18.4,30.6
"1040","Monterey County",2016-04-01,15,31.5
"1041","Monterey County",2016-07-01,14,33
"1042","Monterey County",2016-10-01,17.5,37
"1043","Monterey County",2017-01-01,22.5,34
"1044","Monterey County",2017-04-01,20.9,31.6
"1045","Monterey County",2017-07-01,17.6,35.4
"1046","Monterey County",2017-10-01,24.3,39.9
"1047","Monterey County",2018-01-01,23.3,36.6
"1048","Monterey County",2018-04-01,21.3,41
"1049","Monterey County",2018-07-01,21.6,36.8
"1050","Monterey County",2018-10-01,21.7,38.7
"1051","Monterey County",2019-01-01,19.4,36.9
"1052","Monterey County",2019-04-01,21.3,31.6
"1053","Monterey County",2019-07-01,17,32.2
"1054","Monterey County",2019-10-01,24.7,39.2
"1055","Monterey County",2020-01-01,24.7,31
"1056","Napa County",2002-01-01,13,68
"1057","Napa County",2002-04-01,12,65
"1058","Napa County",2002-07-01,12,66
"1059","Napa County",2002-10-01,12,67
"1060","Napa County",2003-01-01,13,70
"1061","Napa County",2003-04-01,15,67
"1062","Napa County",2003-07-01,14,68
"1063","Napa County",2003-10-01,13,69
"1064","Napa County",2004-01-01,13,69
"1065","Napa County",2004-04-01,16,72
"1066","Napa County",2004-07-01,11,69
"1067","Napa County",2004-10-01,11,67
"1068","Napa County",2005-01-01,19,92
"1069","Napa County",2005-04-01,7,88
"1070","Napa County",2005-07-01,26,41
"1071","Napa County",2005-10-01,6.87,13
"1072","Napa County",2006-01-01,3.5,11.5
"1073","Napa County",2006-07-01,12,45
"1074","Napa County",2007-04-01,14.5,22.7
"1075","Napa County",2007-07-01,10.5,59.3
"1076","Napa County",2007-10-01,9,40
"1077","Napa County",2008-01-01,17,11
"1078","Napa County",2008-04-01,14,17
"1079","Napa County",2008-07-01,15,20
"1080","Napa County",2014-07-01,11,37
"1081","Napa County",2014-10-01,12,36
"1082","Napa County",2015-01-01,10,33
"1083","Napa County",2015-04-01,13,27
"1084","Napa County",2015-07-01,19,38
"1085","Napa County",2015-10-01,13,37
"1086","Napa County",2016-01-01,15,43
"1087","Napa County",2016-04-01,13,35
"1088","Napa County",2016-07-01,11,55
"1089","Napa County",2016-10-01,23,23
"1090","Napa County",2017-01-01,24,21
"1091","Napa County",2017-04-01,19,18
"1092","Napa County",2017-07-01,21,19
"1093","Napa County",2017-10-01,20,21
"1094","Napa County",2018-01-01,21,19
"1095","Napa County",2018-04-01,21,18
"1096","Napa County",2018-07-01,19,21
"1097","Napa County",2018-10-01,25,26
"1098","Napa County",2019-01-01,27,23
"1099","Napa County",2019-04-01,24,22
"1100","Napa County",2019-07-01,26,23
"1101","Napa County",2019-10-01,25,24
"1102","Napa County",2020-01-01,28,25
"1103","Orange County",2002-01-01,5.65,13
"1104","Orange County",2002-04-01,1.2,34.3
"1105","Orange County",2002-04-01,5.57,13
"1106","Orange County",2002-07-01,1.3,33.9
"1107","Orange County",2002-07-01,5.59,13
"1108","Orange County",2002-10-01,3.1,34.7
"1109","Orange County",2002-10-01,5.9,16
"1110","Orange County",2003-01-01,2.3,34.7
"1111","Orange County",2003-01-01,10.1,20
"1112","Orange County",2003-04-01,1.3,36.9
"1113","Orange County",2003-04-01,10.2,20
"1114","Orange County",2003-07-01,1.2,35.7
"1115","Orange County",2003-07-01,12.2,21
"1116","Orange County",2003-10-01,1.2,33.9
"1117","Orange County",2003-10-01,10.1,23.3
"1118","Orange County",2004-01-01,1.2,36.5
"1119","Orange County",2004-01-01,11.1,20.5
"1120","Orange County",2004-04-01,3.3,34.4
"1121","Orange County",2004-04-01,12,22
"1122","Orange County",2004-07-01,1.2,38.9
"1123","Orange County",2004-07-01,12.5,25
"1124","Orange County",2004-10-01,1.3,39.8
"1125","Orange County",2004-10-01,13,28
"1126","Orange County",2005-01-01,1.35,38.85
"1127","Orange County",2005-01-01,14.5,30
"1128","Orange County",2005-04-01,1.4,37.9
"1129","Orange County",2005-04-01,16,32
"1130","Orange County",2005-07-01,1.2,40.9
"1131","Orange County",2005-07-01,10,30
"1132","Orange County",2005-10-01,1.3,36.1
"1133","Orange County",2005-10-01,17,31
"1134","Orange County",2006-01-01,1.2,39.7
"1135","Orange County",2006-01-01,15,32
"1136","Orange County",2006-04-01,1.3,40.2
"1137","Orange County",2006-04-01,15,32
"1138","Orange County",2006-07-01,1.2,35.2
"1139","Orange County",2006-07-01,2,96
"1140","Orange County",2006-10-01,1.2,36
"1141","Orange County",2006-10-01,2,92
"1142","Orange County",2007-01-01,1.2,35.1
"1143","Orange County",2007-01-01,2,94
"1144","Orange County",2007-04-01,1.2,41.5
"1145","Orange County",2007-04-01,2,91
"1146","Orange County",2007-07-01,1.2,36
"1147","Orange County",2007-07-01,2,88
"1148","Orange County",2007-10-01,1.2,36.3
"1149","Orange County",2007-10-01,2,90
"1150","Orange County",2008-01-01,1.7,42
"1151","Orange County",2008-01-01,2,92
"1152","Orange County",2008-04-01,1.2,41.5
"1153","Orange County",2008-04-01,17,90
"1154","Orange County",2008-07-01,1.2,39.6
"1155","Orange County",2008-07-01,19.6,90
"1156","Orange County",2008-10-01,1.2,41.7
"1157","Orange County",2009-01-01,1.2,41.7
"1158","Orange County",2009-04-01,1.2,42.1
"1159","Orange County",2009-07-01,1.2,43.6
"1160","Orange County",2009-10-01,1.2,36.7
"1161","Orange County",2010-01-01,1.2,35.9
"1162","Orange County",2010-04-01,1.2,36.3
"1163","Orange County",2010-07-01,1.2,30.9
"1164","Orange County",2010-10-01,1.2,35.3
"1165","Orange County",2011-01-01,1.3,39
"1166","Orange County",2011-04-01,1.2,40.4
"1167","Orange County",2011-07-01,1.3,36.8
"1168","Orange County",2011-10-01,1.3,42
"1169","Orange County",2012-01-01,1.3,41.7
"1170","Orange County",2012-04-01,1.3,37.3
"1171","Orange County",2012-07-01,1.3,38.2
"1172","Orange County",2012-10-01,1.3,47.7
"1173","Orange County",2013-01-01,1.3,47.1
"1174","Orange County",2013-04-01,1.3,47.7
"1175","Orange County",2013-07-01,1.3,44.7
"1176","Orange County",2013-10-01,1.3,48.6
"1177","Orange County",2014-01-01,1.3,49.4
"1178","Orange County",2014-04-01,1.3,52.3
"1179","Orange County",2014-07-01,1.2,51.3
"1180","Orange County",2014-10-01,1.2,53
"1181","Orange County",2015-01-01,1.3,50
"1182","Orange County",2015-04-01,1.3,45.3
"1183","Orange County",2015-07-01,1.4,46.7
"1184","Orange County",2015-10-01,1.3,42.6
"1185","Orange County",2016-01-01,1.3,48
"1186","Orange County",2016-04-01,1.4,44.9
"1187","Orange County",2016-07-01,1.3,47.5
"1188","Orange County",2016-10-01,1.3,49.2
"1189","Orange County",2017-01-01,1.3,50
"1190","Orange County",2017-04-01,1.4,46.6
"1191","Orange County",2017-07-01,1.3,46.6
"1192","Orange County",2017-10-01,1.4,42.7
"1193","Orange County",2018-01-01,1.4,47.7
"1194","Orange County",2018-04-01,1.4,41.7
"1195","Orange County",2018-07-01,1.3,44.5
"1196","Orange County",2018-10-01,1.4,47.2
"1197","Orange County",2019-01-01,1.4,47.7
"1198","Orange County",2019-04-01,1.3,50.7
"1199","Orange County",2019-07-01,1.4,42.7
"1200","Orange County",2019-10-01,1.3,42.8
"1201","Orange County",2020-01-01,1.3,43.4
"1202","Placer County",2002-07-01,16.8,44.8
"1203","Placer County",2002-10-01,13.3,54.7
"1204","Placer County",2003-01-01,24.7,59.1
"1205","Placer County",2003-04-01,11.4,63.5
"1206","Placer County",2018-10-01,16.29,69.75
"1207","Placer County",2019-01-01,17.46,71.3
"1208","Placer County",2019-04-01,17.06,74.22
"1209","Placer County",2019-07-01,15.1,69.15
"1210","Placer County",2019-10-01,15.48,65.24
"1211","Placer County",2020-01-01,16.37,67.45
"1212","Plumas County",2002-01-01,3.54,12.54
"1213","Plumas County",2002-04-01,3.69,18.61
"1214","Plumas County",2002-07-01,3.39,15.01
"1215","Plumas County",2002-10-01,4,13
"1216","Plumas County",2003-01-01,4.17,26.27
"1217","Plumas County",2003-04-01,3.78,27.24
"1218","Plumas County",2003-07-01,3.2,29.32
"1219","Plumas County",2003-10-01,4.86,17.71
"1220","Plumas County",2004-01-01,5.16,19.42
"1221","Plumas County",2004-04-01,3.09,25.37
"1222","Plumas County",2004-07-01,2.6,18.4
"1223","Plumas County",2004-10-01,4.08,40.88
"1224","Plumas County",2005-01-01,5,22
"1225","Plumas County",2005-04-01,4.35,22
"1226","Plumas County",2005-07-01,2.39,20.21
"1227","Plumas County",2005-10-01,3.39,19.44
"1228","Plumas County",2006-01-01,4,24
"1229","Plumas County",2006-04-01,3.16,28.06
"1230","Plumas County",2006-07-01,3.66,21
"1231","Plumas County",2006-10-01,2.97,29.27
"1232","Plumas County",2007-01-01,7.7,14.1
"1233","Plumas County",2007-04-01,5.6,9.8
"1234","Plumas County",2007-07-01,5.1,10.6
"1235","Plumas County",2007-10-01,5.6,15.7
"1236","Plumas County",2008-01-01,8.8,13.4
"1237","Plumas County",2008-04-01,3.5,12.8
"1238","Plumas County",2008-07-01,3,10.3
"1239","Plumas County",2008-10-01,4.1,12.8
"1240","Plumas County",2009-01-01,2.4,18.7
"1241","Plumas County",2009-04-01,4.1,17.3
"1242","Plumas County",2009-07-01,5.6,14.5
"1243","Plumas County",2009-10-01,4.9,18.4
"1244","Plumas County",2010-01-01,4.3,20.1
"1245","Plumas County",2010-04-01,5,16.3
"1246","Plumas County",2010-07-01,3,17.5
"1247","Plumas County",2010-10-01,5,11.9
"1248","Plumas County",2011-01-01,7.6,14
"1249","Plumas County",2011-04-01,4.2,10.1
"1250","Plumas County",2011-07-01,3.7,13.1
"1251","Plumas County",2011-10-01,4.1,15.2
"1252","Plumas County",2012-01-01,3.4,18
"1253","Plumas County",2012-04-01,3.3,17.6
"1254","Plumas County",2012-07-01,3,14.7
"1255","Plumas County",2012-10-01,2.8,36.4
"1256","Plumas County",2013-01-01,6.3,13.8
"1257","Plumas County",2013-04-01,6.1,13.9
"1258","Plumas County",2013-07-01,2.4,26.2
"1259","Plumas County",2013-10-01,8,35
"1260","Plumas County",2014-01-01,7.3,21.9
"1261","Plumas County",2014-04-01,13.8,38.3
"1262","Plumas County",2014-07-01,9.5,19.9
"1263","Plumas County",2015-01-01,14.9,12.4
"1264","Plumas County",2015-04-01,12.8,23.7
"1265","Plumas County",2015-07-01,8.9,14.1
"1266","Plumas County",2015-10-01,14.8,9.9
"1267","Plumas County",2016-01-01,15.2,21.9
"1268","Plumas County",2016-04-01,20.3,25.7
"1269","Plumas County",2016-07-01,17.2,5
"1270","Plumas County",2016-10-01,12.6,6.7
"1271","Plumas County",2017-01-01,17.9,8.3
"1272","Plumas County",2017-04-01,7.4,32.8
"1273","Plumas County",2017-07-01,12.3,15.4
"1274","Plumas County",2017-10-01,15.3,23.3
"1275","Plumas County",2018-01-01,10.3,21.6
"1276","Plumas County",2018-04-01,14.1,21.8
"1277","Plumas County",2018-07-01,12.1,9.7
"1278","Plumas County",2018-10-01,11,19
"1279","Plumas County",2019-01-01,12,28
"1280","Plumas County",2019-04-01,9.3,24.4
"1281","Plumas County",2019-07-01,12.6,13
"1282","Plumas County",2019-10-01,10,24
"1283","Plumas County",2020-01-01,11,46
"1284","Riverside County",2006-04-01,7.73,44.19
"1285","Riverside County",2006-07-01,6.05,54.66
"1286","Riverside County",2006-10-01,9.29,58.1
"1287","Riverside County",2007-01-01,13.32,45.45
"1288","Riverside County",2007-04-01,10.67,57.8
"1289","Riverside County",2008-01-01,1.8,83.99
"1290","Riverside County",2008-04-01,5.72,73.54
"1291","Riverside County",2008-07-01,9.64,63.09
"1292","Riverside County",2008-10-01,14.99,74.05
"1293","Riverside County",2009-01-01,17.38,73.26
"1294","Riverside County",2009-04-01,17,97
"1295","Riverside County",2009-07-01,17.18,84.01
"1296","Riverside County",2009-10-01,13.14,95.55
"1297","Riverside County",2010-01-01,7.24,104.25
"1298","Riverside County",2010-04-01,13.44,73.49
"1299","Riverside County",2010-07-01,11.6,48.71
"1300","Riverside County",2010-10-01,10.23,34.74
"1301","Riverside County",2011-01-01,16.83,49.85
"1302","Riverside County",2011-04-01,16.94,67.61
"1303","Riverside County",2011-07-01,21.34,100.65
"1304","Riverside County",2011-10-01,16.27,84.9
"1305","Riverside County",2012-01-01,16.93,63.29
"1306","Riverside County",2012-04-01,12.34,53.77
"1307","Riverside County",2012-07-01,12.5,64.26
"1308","Riverside County",2012-10-01,16.72,37.4
"1309","Riverside County",2013-01-01,23.95,35.52
"1310","Riverside County",2013-04-01,23.32,90.89
"1311","Riverside County",2013-07-01,21.92,57.06
"1312","Riverside County",2013-10-01,22.1,56.8
"1313","Riverside County",2014-01-01,20.67,67.61
"1314","Riverside County",2014-04-01,21.24,64.27
"1315","Riverside County",2014-07-01,23.42,62.58
"1316","Riverside County",2014-10-01,25.6,58.6
"1317","Riverside County",2015-01-01,25.02,77.93
"1318","Riverside County",2015-04-01,29.08,76.64
"1319","Riverside County",2015-07-01,29.83,66.76
"1320","Riverside County",2015-10-01,28.9,63.3
"1321","Riverside County",2016-01-01,33.6,55.2
"1322","Riverside County",2016-04-01,28,54.5
"1323","Riverside County",2016-07-01,25.7,45.1
"1324","Riverside County",2017-01-01,4,66
"1325","Sacramento County",2013-10-01,54,34
"1326","Sacramento County",2014-01-01,27,61
"1327","Sacramento County",2014-04-01,54,34
"1328","Sacramento County",2014-07-01,60,34
"1329","Sacramento County",2014-10-01,27,59
"1330","Sacramento County",2015-01-01,19.1,72.2
"1331","Sacramento County",2015-04-01,30,60
"1332","Sacramento County",2015-07-01,26,59
"1333","Sacramento County",2015-10-01,29,63
"1334","Sacramento County",2016-01-01,36,62
"1335","Sacramento County",2016-04-01,29,60
"1336","Sacramento County",2016-07-01,26,57
"1337","Sacramento County",2016-10-01,28,61
"1338","Sacramento County",2017-01-01,27,60
"1339","Sacramento County",2017-04-01,25,66
"1340","Sacramento County",2017-07-01,25,64
"1341","Sacramento County",2017-10-01,25,64
"1342","Sacramento County",2018-01-01,26,62
"1343","Sacramento County",2018-04-01,29,60
"1344","Sacramento County",2018-07-01,25,60
"1345","Sacramento County",2018-10-01,24,63
"1346","Sacramento County",2019-01-01,29,66
"1347","Sacramento County",2019-04-01,27,63
"1348","Sacramento County",2019-07-01,29,66
"1349","Sacramento County",2019-10-01,30,57
"1350","Sacramento County",2020-01-01,27,57
"1351","San Benito County",2002-01-01,17,57
"1352","San Benito County",2002-04-01,11,48
"1353","San Benito County",2002-07-01,8,50
"1354","San Benito County",2002-10-01,20,48
"1355","San Benito County",2003-01-01,5,63
"1356","San Benito County",2004-01-01,5,56
"1357","San Benito County",2005-04-01,18,93
"1358","San Benito County",2005-07-01,23,85
"1359","San Benito County",2005-10-01,26,90
"1360","San Benito County",2006-01-01,6,51
"1361","San Benito County",2006-04-01,20,99
"1362","San Benito County",2006-07-01,20.9,33.6
"1363","San Benito County",2006-10-01,33,95
"1364","San Benito County",2007-01-01,23,86
"1365","San Benito County",2007-10-01,5,48
"1366","San Benito County",2008-01-01,4,52
"1367","San Benito County",2008-04-01,4,44
"1368","San Benito County",2008-07-01,6,47
"1369","San Benito County",2008-10-01,4,45
"1370","San Benito County",2009-01-01,5,51
"1371","San Benito County",2009-04-01,5,52
"1372","San Benito County",2009-07-01,6,45
"1373","San Benito County",2009-10-01,8,63
"1374","San Benito County",2010-01-01,8,70
"1375","San Benito County",2010-04-01,5,50
"1376","San Benito County",2010-07-01,11,57
"1377","San Benito County",2010-10-01,11,60
"1378","San Benito County",2011-01-01,8,78
"1379","San Benito County",2011-04-01,9,60
"1380","San Benito County",2011-07-01,9,49
"1381","San Benito County",2011-10-01,15,58
"1382","San Benito County",2012-01-01,11,87
"1383","San Benito County",2012-04-01,6,76
"1384","San Benito County",2012-07-01,7,76
"1385","San Benito County",2012-10-01,11,51
"1386","San Benito County",2013-01-01,11,64
"1387","San Benito County",2013-04-01,8,59
"1388","San Benito County",2013-07-01,11,57
"1389","San Benito County",2013-10-01,8,64
"1390","San Benito County",2014-01-01,7,71
"1391","San Benito County",2014-04-01,7,62
"1392","San Benito County",2014-07-01,7,49
"1393","San Benito County",2014-10-01,12,74
"1394","San Benito County",2015-01-01,6,76
"1395","San Benito County",2015-04-01,7,77
"1396","San Benito County",2015-07-01,6,60
"1397","San Benito County",2015-10-01,9,58
"1398","San Benito County",2016-01-01,9,56
"1399","San Benito County",2016-04-01,9,60
"1400","San Benito County",2016-07-01,6,49
"1401","San Benito County",2016-10-01,7,58
"1402","San Benito County",2017-01-01,5,22
"1403","San Benito County",2017-04-01,8,35
"1404","San Benito County",2017-07-01,7,40.9
"1405","San Benito County",2017-10-01,10,49
"1406","San Benito County",2018-01-01,14,53
"1407","San Benito County",2018-04-01,6,51
"1408","San Benito County",2018-07-01,9.9,50.8
"1409","San Benito County",2018-10-01,10.4,49.5
"1410","San Benito County",2019-01-01,5.6,54
"1411","San Benito County",2019-04-01,8.4,44.1
"1412","San Benito County",2019-07-01,13,38
"1413","San Benito County",2019-10-01,10.6,46
"1414","San Benito County",2020-01-01,11,39
"1415","San Bernardino County",2002-01-01,25,81
"1416","San Bernardino County",2018-04-01,109.82,137.61
"1417","San Bernardino County",2018-07-01,105,140
"1418","San Bernardino County",2018-10-01,97,137
"1419","San Bernardino County",2019-01-01,97,127
"1420","San Bernardino County",2019-04-01,107,118
"1421","San Bernardino County",2019-07-01,122,114
"1422","San Bernardino County",2019-10-01,121,126
"1423","San Bernardino County",2020-01-01,124,132
"1424","San Diego County",2002-01-01,14,84
"1425","San Diego County",2002-04-01,14,84
"1426","San Diego County",2002-07-01,14,84
"1427","San Diego County",2002-10-01,14,84
"1428","San Diego County",2003-01-01,14,84
"1429","San Diego County",2003-04-01,6.3,80.1
"1430","San Diego County",2003-07-01,5.9,77.7
"1431","San Diego County",2003-10-01,6.1,81
"1432","San Diego County",2004-01-01,7.7,76.9
"1433","San Diego County",2004-04-01,11.4,68.2
"1434","San Diego County",2004-07-01,12.6,73.9
"1435","San Diego County",2004-10-01,6.4,77.1
"1436","San Diego County",2005-01-01,8.1,70.9
"1437","San Diego County",2005-04-01,11.3,67.7
"1438","San Diego County",2005-07-01,11,69.3
"1439","San Diego County",2005-10-01,6,76
"1440","San Diego County",2006-01-01,5.5,73.4
"1441","San Diego County",2006-04-01,5.6,73.4
"1442","San Diego County",2006-07-01,4.7,71.7
"1443","San Diego County",2006-10-01,5.6,75.1
"1444","San Diego County",2007-01-01,5.8,73.5
"1445","San Diego County",2007-04-01,5.7,73.4
"1446","San Diego County",2007-07-01,5.3,71.2
"1447","San Diego County",2007-10-01,5.9,80.7
"1448","San Diego County",2008-01-01,5.5,81.5
"1449","San Diego County",2008-04-01,5.4,79.1
"1450","San Diego County",2008-07-01,5.2,75.3
"1451","San Diego County",2008-10-01,5.9,74.9
"1452","San Diego County",2009-01-01,5.2,77
"1453","San Diego County",2009-04-01,5.2,69.1
"1454","San Diego County",2009-07-01,5.5,72.9
"1455","San Diego County",2009-10-01,5.3,74.9
"1456","San Diego County",2010-01-01,5.4,71.4
"1457","San Diego County",2010-04-01,5.1,63.6
"1458","San Diego County",2010-07-01,4.9,65.2
"1459","San Diego County",2010-10-01,5.6,74.1
"1460","San Diego County",2011-01-01,5.6,72.4
"1461","San Diego County",2011-04-01,5.5,72.6
"1462","San Diego County",2011-07-01,5.2,77.6
"1463","San Diego County",2011-10-01,5.7,73.7
"1464","San Diego County",2012-01-01,5.8,69.7
"1465","San Diego County",2012-04-01,6.8,64.6
"1466","San Diego County",2012-07-01,7,59.6
"1467","San Diego County",2012-10-01,8.3,61.8
"1468","San Diego County",2013-01-01,9.1,63.7
"1469","San Diego County",2013-04-01,8.9,66.3
"1470","San Diego County",2013-07-01,10,68.1
"1471","San Diego County",2013-10-01,10.3,64.3
"1472","San Diego County",2014-01-01,11.4,67
"1473","San Diego County",2014-04-01,11.7,67.9
"1474","San Diego County",2014-07-01,12.2,68.1
"1475","San Diego County",2014-10-01,13.6,71.2
"1476","San Diego County",2015-01-01,11,76.5
"1477","San Diego County",2015-04-01,10.3,72.9
"1478","San Diego County",2015-07-01,10,71.1
"1479","San Diego County",2015-10-01,10.5,72.2
"1480","San Diego County",2016-01-01,11,74.8
"1481","San Diego County",2016-01-01,2.74,72.1
"1482","San Diego County",2016-04-01,11.5,68.2
"1483","San Diego County",2016-04-01,2.85,76.11
"1484","San Diego County",2016-07-01,11.6,67.9
"1485","San Diego County",2016-07-01,76.71,68.25
"1486","San Diego County",2016-10-01,11.8,72.9
"1487","San Diego County",2016-10-01,67.5,84.26
"1488","San Diego County",2017-01-01,12.2,74.2
"1489","San Diego County",2017-01-01,60.71,79.11
"1490","San Diego County",2017-04-01,12,79
"1491","San Diego County",2017-07-01,11.9,77.6
"1492","San Diego County",2017-10-01,12.1,78.5
"1493","San Diego County",2018-01-01,11.8,78.6
"1494","San Diego County",2018-01-01,40.78,75.92
"1495","San Diego County",2018-04-01,12.5,77.5
"1496","San Diego County",2018-04-01,70.5,89.78
"1497","San Diego County",2018-07-01,13,71.3
"1498","San Diego County",2018-07-01,56,74.08
"1499","San Diego County",2018-10-01,12.6,73.5
"1500","San Diego County",2018-10-01,50.84,72.85
"1501","San Diego County",2019-01-01,13.2,78.7
"1502","San Diego County",2019-01-01,42.67,71.96
"1503","San Diego County",2019-04-01,12.3,74.1
"1504","San Diego County",2019-04-01,41.47,77.5
"1505","San Diego County",2019-07-01,12.6,72.8
"1506","San Diego County",2019-07-01,73.7,81.4
"1507","San Diego County",2019-10-01,15.3,72.9
"1508","San Diego County",2019-10-01,42.4,69.7
"1509","San Diego County",2020-01-01,15.2,74.9
"1510","San Diego County",2020-01-01,47.42,63.38
"1511","San Francisco County",2013-04-01,36,56
"1512","San Francisco County",2013-10-01,13,61
"1513","San Francisco County",2014-01-01,10.21,70.75
"1514","San Francisco County",2014-04-01,14,61
"1515","San Francisco County",2014-07-01,12,54
"1516","San Francisco County",2014-10-01,11.4,76
"1517","San Francisco County",2015-01-01,12,101.2
"1518","San Francisco County",2015-04-01,11.3,79.1
"1519","San Francisco County",2015-07-01,12,80
"1520","San Francisco County",2015-10-01,12.47,67.98
"1521","San Francisco County",2016-01-01,12.26,71.62
"1522","San Francisco County",2016-04-01,10.1,88.1
"1523","San Francisco County",2016-07-01,12,78
"1524","San Francisco County",2016-10-01,11,75
"1525","San Francisco County",2017-01-01,13,82
"1526","San Francisco County",2017-04-01,14.41,81.62
"1527","San Francisco County",2017-07-01,11.43,75.88
"1528","San Francisco County",2017-10-01,12,89
"1529","San Francisco County",2018-01-01,14.1,107.3
"1530","San Francisco County",2018-04-01,9.9,94.48
"1531","San Francisco County",2018-07-01,11.75,96.03
"1532","San Francisco County",2018-10-01,10,79
"1533","San Francisco County",2019-04-01,12,87
"1534","San Francisco County",2019-07-01,14,63
"1535","San Francisco County",2019-10-01,13.08,72.1
"1536","San Francisco County",2020-01-01,19.7,100.67
"1537","San Joaquin County",2002-01-01,39,13
"1538","San Joaquin County",2002-04-01,39,13
"1539","San Joaquin County",2005-07-01,113,62
"1540","San Joaquin County",2005-10-01,60,16
"1541","San Joaquin County",2006-01-01,60,16
"1542","San Joaquin County",2006-04-01,55,15
"1543","San Joaquin County",2006-07-01,50,16
"1544","San Joaquin County",2006-10-01,51,17
"1545","San Joaquin County",2007-01-01,38,18
"1546","San Joaquin County",2007-04-01,46,19
"1547","San Joaquin County",2007-07-01,38,19
"1548","San Joaquin County",2007-10-01,45,20
"1549","San Joaquin County",2008-01-01,52,20
"1550","San Joaquin County",2008-04-01,48,18
"1551","San Joaquin County",2008-07-01,46,19
"1552","San Joaquin County",2008-10-01,19,34
"1553","San Joaquin County",2009-01-01,5,19
"1554","San Joaquin County",2009-04-01,22,18
"1555","San Joaquin County",2009-07-01,36,18
"1556","San Joaquin County",2009-10-01,20,15
"1557","San Joaquin County",2010-01-01,70,19
"1558","San Joaquin County",2010-04-01,49,20
"1559","San Joaquin County",2010-07-01,4,18
"1560","San Joaquin County",2010-10-01,11,19
"1561","San Joaquin County",2011-01-01,59,19
"1562","San Joaquin County",2011-04-01,4,27
"1563","San Joaquin County",2011-10-01,4,10
"1564","San Joaquin County",2012-01-01,8,64
"1565","San Joaquin County",2012-04-01,7,36
"1566","San Joaquin County",2012-07-01,17,40
"1567","San Joaquin County",2012-10-01,4,35
"1568","San Joaquin County",2013-01-01,6,49
"1569","San Joaquin County",2013-04-01,4,63
"1570","San Joaquin County",2013-07-01,5,60
"1571","San Joaquin County",2013-10-01,6,66
"1572","San Joaquin County",2014-01-01,7,68
"1573","San Joaquin County",2014-04-01,5,71
"1574","San Joaquin County",2014-07-01,7,45
"1575","San Joaquin County",2014-10-01,6,65
"1576","San Joaquin County",2015-01-01,5,63
"1577","San Joaquin County",2015-04-01,5,60
"1578","San Joaquin County",2015-07-01,5,59
"1579","San Joaquin County",2015-10-01,6,47
"1580","San Joaquin County",2016-01-01,7,56
"1581","San Joaquin County",2016-04-01,7,57
"1582","San Joaquin County",2016-07-01,6.5,42.8
"1583","San Joaquin County",2016-10-01,6,40
"1584","San Joaquin County",2017-01-01,7,53
"1585","San Joaquin County",2017-04-01,6,49
"1586","San Joaquin County",2017-07-01,8,52
"1587","San Joaquin County",2017-10-01,6,56
"1588","San Joaquin County",2018-01-01,6,66
"1589","San Joaquin County",2018-04-01,4,30
"1590","San Joaquin County",2018-07-01,4,48
"1591","San Joaquin County",2018-10-01,5,40
"1592","San Joaquin County",2019-01-01,5,44
"1593","San Joaquin County",2019-04-01,4,46
"1594","San Joaquin County",2019-07-01,4,41
"1595","San Joaquin County",2019-10-01,4,44
"1596","San Joaquin County",2020-01-01,4,47
"1597","San Mateo County",2002-10-01,5.55,9.94
"1598","San Mateo County",2003-01-01,9.9,34.5
"1599","San Mateo County",2003-04-01,11.06,18.25
"1600","San Mateo County",2003-07-01,13,20
"1601","San Mateo County",2003-10-01,12,19
"1602","San Mateo County",2004-01-01,10,28
"1603","San Mateo County",2004-04-01,18,24
"1604","San Mateo County",2004-07-01,19,24
"1605","San Mateo County",2004-10-01,17,22
"1606","San Mateo County",2005-01-01,14,20
"1607","San Mateo County",2005-04-01,14,20
"1608","San Mateo County",2005-07-01,13,22
"1609","San Mateo County",2005-10-01,8,21
"1610","San Mateo County",2006-01-01,11,21
"1611","San Mateo County",2006-04-01,14,21
"1612","San Mateo County",2006-07-01,12,22
"1613","San Mateo County",2006-10-01,12,20.5
"1614","San Mateo County",2007-01-01,15,22
"1615","San Mateo County",2007-04-01,16,23
"1616","San Mateo County",2007-07-01,16,23
"1617","San Mateo County",2007-10-01,14,23
"1618","San Mateo County",2008-01-01,16,23
"1619","San Mateo County",2008-04-01,15,23
"1620","San Mateo County",2008-07-01,11.6,45.2
"1621","San Mateo County",2008-10-01,14.2,30.4
"1622","San Mateo County",2011-07-01,15,56.9
"1623","San Mateo County",2011-10-01,20.7,61.9
"1624","San Mateo County",2013-01-01,12,60
"1625","San Mateo County",2013-04-01,12,57
"1626","San Mateo County",2013-07-01,9,66
"1627","San Mateo County",2013-10-01,9,71
"1628","San Mateo County",2014-01-01,15,74
"1629","San Mateo County",2014-04-01,8,68
"1630","San Mateo County",2014-07-01,15,71
"1631","San Mateo County",2014-10-01,19,81
"1632","San Mateo County",2015-01-01,22,72
"1633","San Mateo County",2015-04-01,25,65
"1634","San Mateo County",2015-07-01,6,68
"1635","San Mateo County",2015-10-01,6,67
"1636","San Mateo County",2016-01-01,6,71
"1637","San Mateo County",2016-04-01,5,64
"1638","San Mateo County",2016-07-01,5,69
"1639","San Mateo County",2016-10-01,7,76
"1640","San Mateo County",2017-01-01,6,71
"1641","San Mateo County",2017-04-01,6,76
"1642","San Mateo County",2017-07-01,7,69
"1643","San Mateo County",2017-10-01,7,69
"1644","San Mateo County",2018-01-01,7,68
"1645","San Mateo County",2018-04-01,6,58
"1646","San Mateo County",2018-07-01,5,70
"1647","San Mateo County",2018-10-01,6,73
"1648","San Mateo County",2019-01-01,6,76
"1649","San Mateo County",2019-04-01,7,70
"1650","San Mateo County",2019-07-01,6,63
"1651","San Mateo County",2019-10-01,8,63
"1652","San Mateo County",2020-01-01,9,71
"1653","Santa Barbara County",2002-01-01,7,43
"1654","Santa Barbara County",2002-04-01,9,40
"1655","Santa Barbara County",2002-07-01,7,47
"1656","Santa Barbara County",2002-10-01,8,52
"1657","Santa Barbara County",2003-01-01,8,52
"1658","Santa Barbara County",2003-04-01,8,48
"1659","Santa Barbara County",2003-07-01,8,49
"1660","Santa Barbara County",2003-10-01,8,46
"1661","Santa Barbara County",2004-01-01,8,41
"1662","Santa Barbara County",2004-04-01,6,40
"1663","Santa Barbara County",2004-07-01,6,44
"1664","Santa Barbara County",2004-10-01,7,46
"1665","Santa Barbara County",2005-01-01,9,41
"1666","Santa Barbara County",2005-04-01,8,53
"1667","Santa Barbara County",2005-07-01,11,60
"1668","Santa Barbara County",2005-10-01,11,53
"1669","Santa Barbara County",2006-01-01,9,54
"1670","Santa Barbara County",2006-04-01,8,50
"1671","Santa Barbara County",2006-07-01,7,51
"1672","Santa Barbara County",2006-10-01,8,48
"1673","Santa Barbara County",2007-01-01,9,55
"1674","Santa Barbara County",2007-04-01,9,50
"1675","Santa Barbara County",2007-07-01,8,52
"1676","Santa Barbara County",2007-10-01,8,51
"1677","Santa Barbara County",2008-01-01,9,62
"1678","Santa Barbara County",2008-04-01,9,54
"1679","Santa Barbara County",2008-07-01,12,20
"1680","Santa Barbara County",2008-10-01,12,22
"1681","Santa Barbara County",2009-01-01,12,20
"1682","Santa Barbara County",2009-04-01,12,20
"1683","Santa Barbara County",2009-07-01,12,21
"1684","Santa Barbara County",2009-10-01,12,23
"1685","Santa Barbara County",2010-01-01,13,19
"1686","Santa Barbara County",2010-04-01,13,18
"1687","Santa Barbara County",2010-07-01,12,18
"1688","Santa Barbara County",2010-10-01,12,18
"1689","Santa Barbara County",2011-01-01,10,15
"1690","Santa Barbara County",2011-04-01,13,23
"1691","Santa Barbara County",2011-07-01,13,21
"1692","Santa Barbara County",2011-10-01,13,22
"1693","Santa Barbara County",2012-01-01,14,24
"1694","Santa Barbara County",2012-04-01,13,24
"1695","Santa Barbara County",2012-07-01,13,23
"1696","Santa Barbara County",2012-10-01,13,24
"1697","Santa Barbara County",2013-01-01,13,23
"1698","Santa Barbara County",2013-04-01,13,21
"1699","Santa Barbara County",2013-07-01,14,22
"1700","Santa Barbara County",2013-10-01,14,23
"1701","Santa Barbara County",2014-01-01,15,22
"1702","Santa Barbara County",2014-04-01,14,22
"1703","Santa Barbara County",2014-07-01,13,22
"1704","Santa Barbara County",2014-10-01,13,21
"1705","Santa Barbara County",2015-01-01,13,20
"1706","Santa Barbara County",2015-04-01,13,21
"1707","Santa Barbara County",2015-07-01,12,21
"1708","Santa Barbara County",2015-10-01,14,21
"1709","Santa Barbara County",2016-01-01,14,21
"1710","Santa Barbara County",2016-04-01,14,22
"1711","Santa Barbara County",2016-07-01,14,20
"1712","Santa Barbara County",2016-10-01,15,21
"1713","Santa Barbara County",2017-01-01,14,20
"1714","Santa Barbara County",2017-04-01,15,20
"1715","Santa Barbara County",2017-07-01,15,20
"1716","Santa Barbara County",2017-10-01,16,21
"1717","Santa Barbara County",2018-01-01,17,48
"1718","Santa Barbara County",2018-07-01,20,46
"1719","Santa Barbara County",2018-10-01,20,53
"1720","Santa Barbara County",2019-01-01,19,51
"1721","Santa Barbara County",2019-04-01,18,44
"1722","Santa Barbara County",2020-01-01,17.75,52
"1723","Santa Clara County",2002-01-01,117,65
"1724","Santa Clara County",2002-04-01,118,67
"1725","Santa Clara County",2002-07-01,123,69
"1726","Santa Clara County",2002-10-01,128,71
"1727","Santa Clara County",2003-01-01,132,70
"1728","Santa Clara County",2003-04-01,129,71
"1729","Santa Clara County",2003-07-01,123,70
"1730","Santa Clara County",2003-10-01,131,69
"1731","Santa Clara County",2004-01-01,127,95
"1732","Santa Clara County",2004-04-01,130,83
"1733","Santa Clara County",2004-07-01,130,83
"1734","Santa Clara County",2004-10-01,133,71
"1735","Santa Clara County",2005-01-01,127,95
"1736","Santa Clara County",2005-04-01,122,120
"1737","Santa Clara County",2005-07-01,125,122
"1738","Santa Clara County",2005-10-01,135,123
"1739","Santa Clara County",2006-01-01,135,124
"1740","Santa Clara County",2006-04-01,140,114
"1741","Santa Clara County",2006-07-01,134,117
"1742","Santa Clara County",2006-10-01,132,121
"1743","Santa Clara County",2007-01-01,133,119
"1744","Santa Clara County",2007-04-01,135,117
"1745","Santa Clara County",2007-07-01,132,123
"1746","Santa Clara County",2007-10-01,138,126
"1747","Santa Clara County",2008-01-01,134,132
"1748","Santa Clara County",2008-04-01,132,129
"1749","Santa Clara County",2008-07-01,132,124
"1750","Santa Clara County",2008-10-01,137,131
"1751","Santa Clara County",2009-01-01,147,135
"1752","Santa Clara County",2009-04-01,151,129
"1753","Santa Clara County",2009-07-01,159,128
"1754","Santa Clara County",2009-10-01,159,130
"1755","Santa Clara County",2010-01-01,35,104
"1756","Santa Clara County",2010-04-01,36,99
"1757","Santa Clara County",2010-07-01,34,92
"1758","Santa Clara County",2010-10-01,36,98
"1759","Santa Clara County",2011-01-01,39,101
"1760","Santa Clara County",2011-04-01,38,92
"1761","Santa Clara County",2011-07-01,42,109
"1762","Santa Clara County",2011-10-01,39,116
"1763","Santa Clara County",2012-01-01,37,90
"1764","Santa Clara County",2012-04-01,38,80
"1765","Santa Clara County",2012-07-01,36,85
"1766","Santa Clara County",2012-10-01,39,95
"1767","Santa Clara County",2013-01-01,40,93
"1768","Santa Clara County",2013-04-01,34,96
"1769","Santa Clara County",2013-07-01,37,96
"1770","Santa Clara County",2013-10-01,42,99
"1771","Santa Clara County",2014-01-01,44,99
"1772","Santa Clara County",2014-04-01,39,106
"1773","Santa Clara County",2014-07-01,36,103
"1774","Santa Clara County",2014-10-01,41,112
"1775","Santa Clara County",2015-01-01,46,121
"1776","Santa Clara County",2015-04-01,47,101
"1777","Santa Clara County",2015-07-01,44,110
"1778","Santa Clara County",2015-10-01,47,118
"1779","Santa Clara County",2016-01-01,45,112
"1780","Santa Clara County",2016-04-01,45,112
"1781","Santa Clara County",2016-07-01,45,112
"1782","Santa Clara County",2016-10-01,50,99
"1783","Santa Clara County",2017-01-01,59,97
"1784","Santa Clara County",2017-07-01,48,105
"1785","Santa Clara County",2017-10-01,46,108
"1786","Santa Clara County",2018-01-01,51,114
"1787","Santa Clara County",2018-04-01,47,103
"1788","Santa Clara County",2018-07-01,39,99
"1789","Santa Clara County",2018-10-01,47,104
"1790","Santa Clara County",2019-01-01,46,102
"1791","Santa Clara County",2019-04-01,46,96
"1792","Santa Clara County",2019-07-01,39,100
"1793","Santa Clara County",2019-10-01,45,105
"1794","Santa Clara County",2020-01-01,44,110
"1795","Shasta County",2002-04-01,56,35
"1796","Shasta County",2002-07-01,3.3,42.1
"1797","Shasta County",2002-10-01,6.1,45.7
"1798","Shasta County",2003-01-01,11.7,51.8
"1799","Shasta County",2003-04-01,12,86
"1800","Shasta County",2003-07-01,19.6,21.9
"1801","Shasta County",2003-10-01,1,101
"1802","Shasta County",2004-01-01,1.7,17.7
"1803","Shasta County",2004-04-01,1.6,12.9
"1804","Shasta County",2004-07-01,3.2,40.8
"1805","Shasta County",2004-10-01,2,27
"1806","Shasta County",2005-01-01,8.4,54.7
"1807","Shasta County",2005-04-01,13.6,102.2
"1808","Shasta County",2005-07-01,13.5,217.8
"1809","Shasta County",2005-10-01,24.8,244.9
"1810","Shasta County",2006-01-01,5.6,82.3
"1811","Shasta County",2006-04-01,10.1,47.3
"1812","Shasta County",2006-07-01,14.6,12.4
"1813","Shasta County",2006-10-01,18.4,189.5
"1814","Shasta County",2007-01-01,28,19.7
"1815","Shasta County",2007-04-01,27.3,18.3
"1816","Shasta County",2007-07-01,29,22.8
"1817","Shasta County",2007-10-01,31.9,21.5
"1818","Sierra County",2002-01-01,2,1
"1819","Sierra County",2002-07-01,1,4
"1820","Sierra County",2002-10-01,1,2
"1821","Sierra County",2003-01-01,2,2
"1822","Sierra County",2003-04-01,1,1
"1823","Sierra County",2003-07-01,3,5
"1824","Sierra County",2003-10-01,6,7
"1825","Sierra County",2004-01-01,6,90
"1826","Sierra County",2007-10-01,4,2
"1827","Sierra County",2008-01-01,3,4
"1828","Sierra County",2008-04-01,1,1
"1829","Sierra County",2008-07-01,2,3
"1830","Sierra County",2008-10-01,2,1
"1831","Sierra County",2009-01-01,2,3
"1832","Sierra County",2009-04-01,1,1
"1833","Sierra County",2009-07-01,1,2
"1834","Sierra County",2009-10-01,3,4
"1835","Sierra County",2010-01-01,2,3
"1836","Sierra County",2010-04-01,8,3
"1837","Sierra County",2010-07-01,33,4
"1838","Sierra County",2010-10-01,4,2
"1839","Sierra County",2011-01-01,8,3
"1840","Sierra County",2011-04-01,6,2
"1841","Sierra County",2011-07-01,7,3
"1842","Sierra County",2011-10-01,3,12
"1843","Sierra County",2012-01-01,2,31
"1844","Sierra County",2012-04-01,6,2
"1845","Sierra County",2012-07-01,5,3
"1846","Sierra County",2012-10-01,7,2
"1847","Sierra County",2013-01-01,3,6
"1848","Sierra County",2013-04-01,11,6
"1849","Sierra County",2013-07-01,9,3
"1850","Sierra County",2013-10-01,4,1
"1851","Sierra County",2014-01-01,1,1
"1852","Sierra County",2014-04-01,4,1
"1853","Sierra County",2014-07-01,10,8
"1854","Sierra County",2014-10-01,2,6
"1855","Sierra County",2015-01-01,1,1
"1856","Siskiyou County",2002-04-01,15,37
"1857","Siskiyou County",2002-07-01,12,21
"1858","Siskiyou County",2002-10-01,15,19
"1859","Siskiyou County",2003-01-01,14,17
"1860","Siskiyou County",2003-04-01,21,15
"1861","Siskiyou County",2003-07-01,27,16
"1862","Siskiyou County",2003-10-01,26,13
"1863","Siskiyou County",2004-01-01,31,17
"1864","Siskiyou County",2004-04-01,29,21
"1865","Siskiyou County",2004-07-01,31,18
"1866","Siskiyou County",2004-10-01,34,17
"1867","Siskiyou County",2005-01-01,31,19
"1868","Siskiyou County",2005-04-01,29,21
"1869","Siskiyou County",2005-07-01,19,22
"1870","Siskiyou County",2005-10-01,11,19
"1871","Siskiyou County",2006-01-01,13,21
"1872","Siskiyou County",2006-04-01,17,29
"1873","Siskiyou County",2006-07-01,12,24
"1874","Siskiyou County",2006-10-01,9,17
"1875","Siskiyou County",2007-01-01,10,19
"1876","Siskiyou County",2007-04-01,15,21
"1877","Siskiyou County",2007-07-01,10,19
"1878","Siskiyou County",2007-10-01,13,18
"1879","Siskiyou County",2008-01-01,11,21
"1880","Siskiyou County",2008-04-01,9,20
"1881","Siskiyou County",2008-07-01,9,23
"1882","Siskiyou County",2008-10-01,7,25
"1883","Siskiyou County",2009-01-01,8,27
"1884","Siskiyou County",2009-04-01,6,23
"1885","Siskiyou County",2009-07-01,7,20
"1886","Siskiyou County",2009-10-01,6,24
"1887","Siskiyou County",2010-01-01,4,29
"1888","Siskiyou County",2010-04-01,3,22
"1889","Siskiyou County",2010-07-01,5,19
"1890","Siskiyou County",2010-10-01,6,18
"1891","Siskiyou County",2011-01-01,5,24
"1892","Siskiyou County",2011-04-01,4,21
"1893","Siskiyou County",2011-07-01,6,22
"1894","Siskiyou County",2011-10-01,5,28
"1895","Siskiyou County",2012-01-01,4,17
"1896","Siskiyou County",2012-04-01,6,19
"1897","Siskiyou County",2012-07-01,8,17
"1898","Siskiyou County",2012-10-01,7,23
"1899","Siskiyou County",2013-01-01,6,29
"1900","Siskiyou County",2013-04-01,8,25
"1901","Siskiyou County",2013-07-01,6,31
"1902","Siskiyou County",2013-10-01,9,23
"1903","Siskiyou County",2014-01-01,11,26
"1904","Siskiyou County",2014-04-01,6,31
"1905","Siskiyou County",2014-07-01,5,25
"1906","Siskiyou County",2014-10-01,4,33
"1907","Siskiyou County",2015-01-01,6,24
"1908","Siskiyou County",2015-04-01,4,24
"1909","Siskiyou County",2015-07-01,5,23
"1910","Siskiyou County",2015-10-01,5,30
"1911","Siskiyou County",2016-01-01,5,21
"1912","Siskiyou County",2016-04-01,4,26
"1913","Siskiyou County",2016-07-01,7,32
"1914","Siskiyou County",2016-10-01,5,33
"1915","Siskiyou County",2017-01-01,5,33
"1916","Siskiyou County",2017-04-01,4,33
"1917","Siskiyou County",2017-07-01,5,22
"1918","Siskiyou County",2017-10-01,4,28
"1919","Siskiyou County",2018-01-01,5,28
"1920","Siskiyou County",2018-04-01,4,39
"1921","Siskiyou County",2018-07-01,4,36
"1922","Siskiyou County",2018-10-01,5,35
"1923","Siskiyou County",2019-01-01,5,40
"1924","Siskiyou County",2019-04-01,7,32
"1925","Siskiyou County",2019-10-01,7,33
"1926","Siskiyou County",2020-01-01,5,32
"1927","Solano County",2018-07-01,5,70.6
"1928","Solano County",2018-10-01,13.8,77.4
"1929","Solano County",2019-01-01,15.8,77.4
"1930","Solano County",2019-04-01,5.6,77.2
"1931","Solano County",2019-07-01,5.4,82.4
"1932","Solano County",2019-10-01,6,101.1
"1933","Solano County",2020-01-01,7.1,80.4
"1934","Sonoma County",2002-01-01,7.4,76.2
"1935","Sonoma County",2002-04-01,6.5,67.3
"1936","Sonoma County",2002-07-01,10.8,49
"1937","Sonoma County",2002-10-01,16.4,46.5
"1938","Sonoma County",2003-01-01,14.1,47.9
"1939","Sonoma County",2003-04-01,7,72.8
"1940","Sonoma County",2003-07-01,7,72.8
"1941","Sonoma County",2003-10-01,8.7,70.6
"1942","Sonoma County",2004-01-01,6.5,63.3
"1943","Sonoma County",2004-04-01,5.3,56.4
"1944","Sonoma County",2004-07-01,5.7,56.7
"1945","Sonoma County",2004-10-01,7.5,63.1
"1946","Sonoma County",2005-01-01,7.1,57.5
"1947","Sonoma County",2005-04-01,7.2,58.5
"1948","Sonoma County",2005-07-01,5.8,55.3
"1949","Sonoma County",2005-10-01,7.7,53.5
"1950","Sonoma County",2006-01-01,4.9,56.8
"1951","Sonoma County",2006-04-01,5.7,62.3
"1952","Sonoma County",2006-07-01,5.8,50.6
"1953","Sonoma County",2006-10-01,5.1,58.9
"1954","Sonoma County",2007-01-01,4.8,56.1
"1955","Sonoma County",2007-04-01,4.8,52.8
"1956","Sonoma County",2007-07-01,5.4,55.7
"1957","Sonoma County",2007-10-01,4.1,58.7
"1958","Sonoma County",2008-01-01,4,53.7
"1959","Sonoma County",2008-04-01,4.3,52
"1960","Sonoma County",2008-07-01,4.2,50.9
"1961","Sonoma County",2008-10-01,3.5,53.9
"1962","Sonoma County",2009-01-01,4.4,52.4
"1963","Sonoma County",2009-04-01,4.4,22.9
"1964","Sonoma County",2009-07-01,5.9,57.6
"1965","Sonoma County",2009-10-01,4.1,55.7
"1966","Sonoma County",2010-01-01,5.8,52.5
"1967","Sonoma County",2010-04-01,4.7,53.2
"1968","Sonoma County",2010-07-01,4.6,49.3
"1969","Sonoma County",2010-10-01,5,49.4
"1970","Sonoma County",2011-01-01,5.3,49.9
"1971","Sonoma County",2011-04-01,5.7,54.8
"1972","Sonoma County",2011-07-01,3.8,49
"1973","Sonoma County",2011-10-01,5,53.1
"1974","Sonoma County",2012-01-01,6.1,56.2
"1975","Sonoma County",2012-04-01,5.3,48
"1976","Sonoma County",2012-07-01,6.9,54.2
"1977","Sonoma County",2012-10-01,4.8,52.9
"1978","Sonoma County",2013-01-01,5.2,53.3
"1979","Sonoma County",2013-04-01,5.7,54.6
"1980","Sonoma County",2013-07-01,4.9,55.8
"1981","Sonoma County",2013-10-01,4.9,62
"1982","Sonoma County",2014-01-01,4.3,68
"1983","Sonoma County",2014-04-01,5.9,58.5
"1984","Sonoma County",2014-07-01,7,54.9
"1985","Sonoma County",2014-10-01,5.3,58.2
"1986","Sonoma County",2015-01-01,4.6,57.4
"1987","Sonoma County",2015-04-01,9.2,49.2
"1988","Sonoma County",2015-07-01,8.6,55.9
"1989","Sonoma County",2015-10-01,7.7,51.6
"1990","Sonoma County",2016-01-01,15.9,48.7
"1991","Sonoma County",2016-04-01,25,47
"1992","Sonoma County",2016-07-01,32.5,47.6
"1993","Sonoma County",2016-10-01,15,56
"1994","Sonoma County",2017-01-01,46,56
"1995","Sonoma County",2017-04-01,13.7,56.9
"1996","Sonoma County",2017-07-01,11,52
"1997","Sonoma County",2017-10-01,12,57
"1998","Sonoma County",2018-01-01,9,57
"1999","Sonoma County",2018-04-01,8,54
"2000","Sonoma County",2018-07-01,7,54
"2001","Sonoma County",2018-10-01,7,55
"2002","Sonoma County",2019-01-01,10,49
"2003","Sonoma County",2019-04-01,8,51
"2004","Sonoma County",2019-07-01,10,52
"2005","Sonoma County",2019-10-01,11,55
"2006","Sonoma County",2020-01-01,13,54
"2007","Stanislaus County",2002-01-01,6,46
"2008","Stanislaus County",2002-04-01,6,51
"2009","Stanislaus County",2002-07-01,7,52
"2010","Stanislaus County",2002-10-01,6,53
"2011","Stanislaus County",2003-01-01,10,52
"2012","Stanislaus County",2003-04-01,10,52
"2013","Stanislaus County",2003-07-01,10,52
"2014","Stanislaus County",2003-10-01,10,52
"2015","Stanislaus County",2004-01-01,14,51
"2016","Stanislaus County",2004-04-01,14,51
"2017","Stanislaus County",2004-07-01,14,51
"2018","Stanislaus County",2004-10-01,14,52
"2019","Stanislaus County",2005-01-01,9,48
"2020","Stanislaus County",2005-04-01,4,44
"2021","Stanislaus County",2005-07-01,4,45
"2022","Stanislaus County",2005-10-01,6,80
"2023","Stanislaus County",2006-01-01,7,73
"2024","Stanislaus County",2006-04-01,6,80
"2025","Stanislaus County",2006-07-01,7,64
"2026","Stanislaus County",2006-10-01,8,64
"2027","Stanislaus County",2007-01-01,6,80
"2028","Stanislaus County",2007-04-01,7,70
"2029","Stanislaus County",2007-07-01,8,73
"2030","Stanislaus County",2007-10-01,9,67
"2031","Stanislaus County",2008-01-01,7,68
"2032","Stanislaus County",2008-04-01,8,72
"2033","Stanislaus County",2008-07-01,7,67
"2034","Stanislaus County",2008-10-01,7,71
"2035","Stanislaus County",2009-01-01,7,65
"2036","Stanislaus County",2009-04-01,7,77
"2037","Stanislaus County",2009-07-01,8,77
"2038","Stanislaus County",2009-10-01,9,73
"2039","Stanislaus County",2010-01-01,9,76
"2040","Stanislaus County",2010-04-01,8,67
"2041","Stanislaus County",2010-07-01,9,75
"2042","Stanislaus County",2010-10-01,8,64
"2043","Stanislaus County",2011-01-01,9,63
"2044","Stanislaus County",2011-04-01,7,72
"2045","Stanislaus County",2011-07-01,9,60
"2046","Stanislaus County",2011-10-01,10,67
"2047","Stanislaus County",2012-01-01,9,65
"2048","Stanislaus County",2012-04-01,9,57
"2049","Stanislaus County",2012-07-01,8,59
"2050","Stanislaus County",2012-10-01,8,47
"2051","Stanislaus County",2013-01-01,9,58
"2052","Stanislaus County",2013-04-01,9,45
"2053","Stanislaus County",2013-07-01,7,56
"2054","Stanislaus County",2013-10-01,8,45
"2055","Stanislaus County",2014-01-01,8,61
"2056","Stanislaus County",2014-04-01,10,47
"2057","Stanislaus County",2014-07-01,9,49
"2058","Stanislaus County",2014-10-01,13,46
"2059","Stanislaus County",2015-01-01,11,84
"2060","Stanislaus County",2015-04-01,11,72
"2061","Stanislaus County",2015-07-01,8,71
"2062","Stanislaus County",2015-10-01,8,74
"2063","Stanislaus County",2016-01-01,8,73
"2064","Stanislaus County",2016-04-01,7,77
"2065","Stanislaus County",2016-07-01,8,78
"2066","Stanislaus County",2016-10-01,9,64
"2067","Stanislaus County",2017-01-01,9,75
"2068","Stanislaus County",2017-04-01,6,81
"2069","Stanislaus County",2017-07-01,7,76
"2070","Stanislaus County",2017-10-01,7,88
"2071","Stanislaus County",2018-01-01,9,81
"2072","Stanislaus County",2018-04-01,8,84
"2073","Stanislaus County",2018-07-01,7,76
"2074","Stanislaus County",2018-10-01,8,79
"2075","Stanislaus County",2019-01-01,10,67
"2076","Stanislaus County",2019-04-01,7,68
"2077","Stanislaus County",2019-07-01,6,66
"2078","Stanislaus County",2019-10-01,8,77
"2079","Stanislaus County",2020-01-01,8,78
"2080","Tehama County",2020-01-01,0,45
"2081","Trinity County",2004-04-01,8,28
"2082","Trinity County",2004-07-01,4,45
"2083","Trinity County",2004-10-01,3,25
"2084","Trinity County",2005-01-01,3,61
"2085","Trinity County",2005-04-01,4,63
"2086","Trinity County",2005-07-01,3,50
"2087","Trinity County",2005-10-01,3,46
"2088","Trinity County",2006-01-01,7,43
"2089","Trinity County",2006-04-01,7,90
"2090","Trinity County",2006-07-01,5,47
"2091","Trinity County",2006-10-01,12,60
"2092","Trinity County",2007-01-01,3,73
"2093","Trinity County",2007-04-01,5,51
"2094","Trinity County",2007-07-01,4,40
"2095","Trinity County",2007-10-01,6,44
"2096","Trinity County",2008-01-01,5,55
"2097","Trinity County",2008-04-01,4,56
"2098","Trinity County",2008-07-01,4,59
"2099","Trinity County",2008-10-01,6,39
"2100","Trinity County",2009-01-01,6,51
"2101","Trinity County",2009-04-01,6,62
"2102","Trinity County",2009-07-01,4,47
"2103","Trinity County",2009-10-01,7,36
"2104","Trinity County",2010-01-01,4,49
"2105","Trinity County",2010-04-01,6,38
"2106","Trinity County",2010-07-01,6,45
"2107","Trinity County",2010-10-01,5,41
"2108","Trinity County",2011-01-01,8,19
"2109","Trinity County",2011-04-01,4,62
"2110","Trinity County",2011-07-01,5,67
"2111","Trinity County",2011-10-01,4,54
"2112","Trinity County",2012-01-01,9,58
"2113","Trinity County",2012-04-01,7,58
"2114","Trinity County",2012-07-01,7,57
"2115","Trinity County",2012-10-01,15,108
"2116","Trinity County",2013-01-01,7,29
"2117","Trinity County",2013-04-01,7,55
"2118","Trinity County",2013-07-01,8,82
"2119","Trinity County",2013-10-01,4,101
"2120","Trinity County",2014-01-01,17,76
"2121","Trinity County",2014-04-01,6,72
"2122","Trinity County",2014-07-01,30,37
"2123","Trinity County",2014-10-01,11,90
"2124","Trinity County",2015-01-01,14,21
"2125","Trinity County",2015-04-01,9,19
"2126","Trinity County",2015-07-01,7,78
"2127","Trinity County",2015-10-01,12,191
"2128","Trinity County",2016-01-01,7,23
"2129","Trinity County",2016-04-01,10,59
"2130","Trinity County",2016-07-01,10,56
"2131","Trinity County",2016-10-01,11,41
"2132","Trinity County",2017-01-01,7,20
"2133","Trinity County",2017-04-01,9,33
"2134","Trinity County",2017-07-01,5,45
"2135","Trinity County",2020-01-01,7,21
"2136","Tulare County",2002-01-01,11,60.44
"2137","Tulare County",2002-04-01,12.3,59.36
"2138","Tulare County",2002-07-01,11.97,66.87
"2139","Tulare County",2002-10-01,15.12,70.64
"2140","Tulare County",2003-01-01,19.06,65.35
"2141","Tulare County",2003-04-01,25.79,59.43
"2142","Tulare County",2003-07-01,24.92,55.65
"2143","Tulare County",2003-10-01,27.11,56.28
"2144","Tulare County",2004-01-01,29.33,64.6
"2145","Tulare County",2004-04-01,30.72,58.41
"2146","Tulare County",2004-07-01,27.33,70.01
"2147","Tulare County",2004-10-01,27.81,77.88
"2148","Tulare County",2005-01-01,32.64,69.7
"2149","Tulare County",2005-04-01,23.62,60.43
"2150","Tulare County",2005-07-01,24.1,63.88
"2151","Tulare County",2005-10-01,25.01,52.28
"2152","Tulare County",2006-01-01,26.03,51.79
"2153","Tulare County",2006-04-01,29.39,54.84
"2154","Tulare County",2006-07-01,35.55,73.38
"2155","Tulare County",2006-10-01,16.39,64.23
"2156","Tulare County",2007-01-01,15.83,59.88
"2157","Tulare County",2007-04-01,7.82,59.52
"2158","Tulare County",2007-07-01,24.35,39.79
"2159","Tulare County",2007-10-01,28.75,57.84
"2160","Tulare County",2008-01-01,24.78,66.35
"2161","Tulare County",2008-04-01,21.9,67.79
"2162","Tulare County",2008-07-01,27.65,69.89
"2163","Tulare County",2008-10-01,35.34,66.03
"2164","Tulare County",2009-01-01,14.79,53.98
"2165","Tulare County",2009-04-01,23.11,67.25
"2166","Tulare County",2009-07-01,21.24,58.59
"2167","Tulare County",2009-10-01,22.77,66.88
"2168","Tulare County",2010-01-01,29.29,71.16
"2169","Tulare County",2010-04-01,22.48,60.12
"2170","Tulare County",2010-07-01,22.8,58.73
"2171","Tulare County",2010-10-01,23.3,57.92
"2172","Tulare County",2011-01-01,22.57,56.86
"2173","Tulare County",2011-04-01,19.31,44.36
"2174","Tulare County",2011-07-01,20.69,55.87
"2175","Tulare County",2011-10-01,28.44,64.48
"2176","Tulare County",2012-01-01,25.67,63.52
"2177","Tulare County",2012-04-01,20.22,73.84
"2178","Tulare County",2012-07-01,17.51,74.81
"2179","Tulare County",2012-10-01,25.32,85.69
"2180","Tulare County",2013-01-01,28.33,81.6
"2181","Tulare County",2013-04-01,25.91,85.16
"2182","Tulare County",2013-07-01,20.12,86.5
"2183","Tulare County",2013-10-01,33.33,95.95
"2184","Tulare County",2014-01-01,26.63,91.45
"2185","Tulare County",2014-04-01,38.88,95.83
"2186","Tulare County",2014-07-01,32.8,100.03
"2187","Tulare County",2014-10-01,37.63,81.94
"2188","Tulare County",2015-01-01,42.69,95.49
"2189","Tulare County",2015-04-01,33.1,77.97
"2190","Tulare County",2015-07-01,30.99,74.72
"2191","Tulare County",2015-10-01,36.04,76.84
"2192","Tulare County",2016-01-01,29,85.57
"2193","Tulare County",2016-04-01,30.35,72.6
"2194","Tulare County",2016-07-01,35.69,67.01
"2195","Tulare County",2016-10-01,30.35,72.6
"2196","Tulare County",2017-01-01,28.48,83.28
"2197","Tulare County",2017-04-01,26.34,74.02
"2198","Tulare County",2017-07-01,13,85
"2199","Tulare County",2017-10-01,32,76
"2200","Tulare County",2018-01-01,15.9,76.3
"2201","Tulare County",2018-04-01,17,85
"2202","Tulare County",2018-07-01,14,86
"2203","Tulare County",2018-10-01,25,80
"2204","Tulare County",2019-01-01,19,86
"2205","Tulare County",2019-04-01,21,81
"2206","Tulare County",2019-07-01,17,70
"2207","Tulare County",2019-10-01,21,75
"2208","Tulare County",2020-01-01,19,82
"2209","Statewide",2002-07-01,14.56,41.6953571428571
"2210","Statewide",2002-10-01,15.2031034482759,43.1193103448276
"2211","Statewide",2003-01-01,15.1813793103448,44.2220689655172
"2212","Statewide",2003-04-01,15.0557142857143,44.4517857142857
"2213","Statewide",2003-07-01,14.4203571428571,40.6603571428571
"2214","Statewide",2003-10-01,14.3842857142857,43.8164285714286
"2215","Statewide",2004-01-01,14.4675862068966,44.4351724137931
"2216","Statewide",2004-04-01,15.2228571428571,40.5253571428571
"2217","Statewide",2004-07-01,15.0510714285714,42.8035714285714
"2218","Statewide",2004-10-01,15.0810714285714,44.9789285714286
"2219","Statewide",2005-01-01,16.6007142857143,47.4742857142857
"2220","Statewide",2005-04-01,15.5853333333333,53.4783333333333
"2221","Statewide",2005-07-01,19.5235483870968,53.9893548387097
"2222","Statewide",2005-10-01,18.5025806451613,53.0345161290323
"2223","Statewide",2006-01-01,17.2848387096774,45.4912903225806
"2224","Statewide",2006-04-01,17.3706666666667,50.7436666666667
"2225","Statewide",2006-07-01,17.1048387096774,47.2029032258065
"2226","Statewide",2006-10-01,18.5776666666667,56.4933333333333
"2227","Statewide",2007-01-01,16.3513333333333,49.715
"2228","Statewide",2007-04-01,15.8389655172414,43.5827586206897
"2229","Statewide",2007-07-01,16.6439285714286,42.8503571428571
"2230","Statewide",2007-10-01,16.7416666666667,42.2756666666667
"2231","Statewide",2008-01-01,16.298275862069,47.3672413793103
"2232","Statewide",2008-04-01,15.26,45.2423333333333
"2233","Statewide",2008-07-01,17.5737931034483,42.1110344827586
"2234","Statewide",2008-10-01,15.5110714285714,43.4357142857143
"2235","Statewide",2009-01-01,15.2188461538462,43.0353846153846
"2236","Statewide",2009-04-01,15.5142307692308,45.5934615384615
"2237","Statewide",2009-07-01,16.0972,45.2872
"2238","Statewide",2009-10-01,16.7273076923077,46.1969230769231
"2239","Statewide",2010-01-01,14.6664,46.2812
"2240","Statewide",2010-04-01,12.0252,40.578
"2241","Statewide",2010-07-01,11.9280769230769,39.8223076923077
"2242","Statewide",2010-10-01,11.2884615384615,39.65
"2243","Statewide",2011-01-01,13.4426923076923,39.2480769230769
"2244","Statewide",2011-04-01,10.1138461538462,41.9803846153846
"2245","Statewide",2011-07-01,12.2161538461538,44.9692307692308
"2246","Statewide",2011-10-01,12.6560714285714,46.7560714285714
"2247","Statewide",2012-01-01,12.2098928571429,49.9029642857143
"2248","Statewide",2017-04-01,13.528064516129,47.8874193548387
"2249","Statewide",2017-07-01,14.8284375,50.365625
"2250","Statewide",2017-10-01,14.76,52.1106451612903
"2251","Statewide",2018-01-01,15.7678787878788,55.0554545454545
"2252","Statewide",2018-04-01,19.02,56.4767647058824
"2253","Statewide",2018-07-01,25.6494594594595,54.9040540540541
"2254","Statewide",2018-10-01,21.585,57.8386111111111
"2255","Statewide",2019-01-01,25.2982051282051,56.4789743589744
"2256","Statewide",2019-04-01,20.3064102564103,55.5702564102564
"2257","Statewide",2019-07-01,21.4302631578947,54.2555263157895
"2258","Statewide",2019-10-01,22.7469230769231,56.9802564102564
"2259","Statewide",2020-01-01,20.3234146341463,58.2887804878049
"2260","Statewide",2002-01-01,16.7279166666667,45.3304166666667
"2261","Statewide",2002-04-01,17.3723076923077,42.9673076923077
"2262","Statewide",2012-04-01,9.8737037037037,43.8307407407407
"2263","Statewide",2012-07-01,10.041037037037,43.9757037037037
"2264","Statewide",2012-10-01,11.8661071428571,48.3519642857143
"2265","Statewide",2013-01-01,12.3639655172414,45.6014827586207
"2266","Statewide",2013-04-01,11.9665172413793,50.3916551724138
"2267","Statewide",2013-07-01,10.9143793103448,50.2924137931034
"2268","Statewide",2013-10-01,13.2217666666667,53.4880333333333
"2269","Statewide",2014-01-01,13.4795161290323,56.2203548387097
"2270","Statewide",2014-04-01,12.75596875,50.65303125
"2271","Statewide",2014-07-01,13.8516666666667,48.9970909090909
"2272","Statewide",2014-10-01,12.88509375,56.44659375
"2273","Statewide",2015-01-01,13.2450606060606,54.9169090909091
"2274","Statewide",2015-04-01,13.3242424242424,51.3232424242424
"2275","Statewide",2015-07-01,11.64,52.8215625
"2276","Statewide",2015-10-01,13.7748484848485,56.3457575757576
"2277","Statewide",2016-01-01,13.9554285714286,53.3102857142857
"2278","Statewide",2016-04-01,13.2894285714286,52.1897142857143
"2279","Statewide",2016-07-01,15.4308571428571,50.9568571428571
"2280","Statewide",2016-10-01,15.5638235294118,49.4058823529412
"2281","Statewide",2017-01-01,16.5985294117647,50.3926470588235
